StartDate,EndDate,Status,Progress,Duration (in seconds),Finished,RecordedDate,ResponseId,RecipientLastName,RecipientFirstName,RecipientEmail,ExternalReference,DistributionChannel,UserLanguage,target,satisfaction_1,hunger_1,fullness_1,meat_inclusion,meat_freq,fish_freq,diet,stanford_status,gender,race,feedback
Start Date,End Date,Response Type,Progress,Duration (in seconds),Finished,Recorded Date,Response ID,Recipient Last Name,Recipient First Name,Recipient Email,External Data Reference,Distribution Channel,User Language,Did you eat lunch at Cardinal Sage (burrito station in Stern Dining) today?,"Overall, how satisfied are you with your meal?",How hungry do you feel right now?,How full do you feel right now?,Did you have meat or fish as part of this meal?,"Approximately how often do you eat meat from land animals (e.g., chicken, beef, pork, etc.), not including fish?",Approximately how often do you eat meat from fish or seafood?,Which of these best describes you?,Which of these best describes you?,"For the purposes of this study, how should we record your gender?","For the purposes of this study, how should we record your race/ethnicity? (select one or more options)",Do you have any other feedback you'd like to share?
"{""ImportId"":""startDate"",""timeZone"":""America/New_York""}","{""ImportId"":""endDate"",""timeZone"":""America/New_York""}","{""ImportId"":""status""}","{""ImportId"":""progress""}","{""ImportId"":""duration""}","{""ImportId"":""finished""}","{""ImportId"":""recordedDate"",""timeZone"":""America/New_York""}","{""ImportId"":""_recordId""}","{""ImportId"":""recipientLastName""}","{""ImportId"":""recipientFirstName""}","{""ImportId"":""recipientEmail""}","{""ImportId"":""externalDataReference""}","{""ImportId"":""distributionChannel""}","{""ImportId"":""userLanguage""}","{""ImportId"":""QID1""}","{""ImportId"":""QID20_1""}","{""ImportId"":""QID4_1""}","{""ImportId"":""QID21_1""}","{""ImportId"":""QID5""}","{""ImportId"":""QID8""}","{""ImportId"":""QID23""}","{""ImportId"":""QID9""}","{""ImportId"":""QID10""}","{""ImportId"":""QID11""}","{""ImportId"":""QID12""}","{""ImportId"":""QID13_TEXT""}"
2022-10-01 14:16:36,2022-10-01 15:03:26,IP Address,100,2810,True,2022-10-01 15:03:27,R_r3h11nO2wbJQohP,NA,NA,NA,NA,qr,EN,Yes,87,0,100,Yes,1-7,NA,Flexitarian,Freshman,Male,Asian or Pacific Islander,NA
2022-10-01 14:28:09,2022-10-01 15:04:00,IP Address,100,2150,True,2022-10-01 15:04:00,R_30djQqAcE38qm4Q,NA,NA,NA,NA,qr,EN,Yes,90,12,90,Yes,1-7,NA,Meat,Sophomore,Female,White or Caucasian,Cardinal sage is goated
2022-10-01 15:03:21,2022-10-01 15:06:23,IP Address,100,181,True,2022-10-01 15:06:23,R_VKhrwqPtxwequpH,NA,NA,NA,NA,qr,EN,Yes,80,8,100,Yes,8-14,NA,Meat,Sophomore,Male,Hispanic or Latino,"Great burrito folding, but maybe a slightly thicker tortilla would prevent ruptures which are very frustrating.
"
2022-10-01 15:07:31,2022-10-01 15:09:06,IP Address,100,94,True,2022-10-01 15:09:06,R_vqy1Fk9xKtDbRhn,NA,NA,NA,NA,anonymous,EN,Yes,81,0,100,Yes,8-14,NA,Meat,Sophomore,Male,Asian or Pacific Islander,NA
2022-10-01 16:34:09,2022-10-01 16:35:21,IP Address,100,72,True,2022-10-01 16:35:21,R_1jrJXaexUV8s9M0,NA,NA,NA,NA,anonymous,EN,No,50,60,40,No,22+,NA,Meat,Other,Prefer not to answer,Native American or Alaskan Native,NA
2022-10-01 15:47:03,2022-10-01 16:54:00,IP Address,100,4017,True,2022-10-01 16:54:01,R_2frjgMx69lvdVxk,NA,NA,NA,NA,qr,EN,Yes,85,50,82,Yes,8-14,NA,Flexitarian,Freshman,Female,White or Caucasian,NA
2022-10-01 20:50:04,2022-10-01 20:51:24,IP Address,100,79,True,2022-10-01 20:51:24,R_1CBziL3v2s0sgyA,NA,NA,NA,NA,qr,EN,Yes,50,50,50,No,0,NA,Vegetarian,Sophomore,Non-binary,Prefer not to answer,NA
2022-10-02 13:32:05,2022-10-02 13:37:43,IP Address,100,337,True,2022-10-02 13:37:43,R_DS6q9Aic1QW8c93,NA,NA,NA,NA,qr,EN,Yes,84,16,83,Yes,8-14,NA,Meat,Sophomore,Female,Hispanic or Latino,NA
2022-10-02 14:53:16,2022-10-02 14:56:21,IP Address,100,184,True,2022-10-02 14:56:21,R_3hyIpZ6vPd57atU,NA,NA,NA,NA,qr,EN,Yes,100,100,100,Yes,15-21,NA,Meat,Junior,Male,Asian or Pacific Islander,Please have tater tot’s and fried eggs
2022-10-02 14:55:23,2022-10-02 14:56:38,IP Address,100,75,True,2022-10-02 14:56:39,R_3GDLcgKi3G7bjAM,NA,NA,NA,NA,qr,EN,No,50,90,16,Yes,15-21,NA,Meat,Junior,Female,"Asian or Pacific Islander,White or Caucasian",NA
2022-10-02 15:48:59,2022-10-02 15:50:14,IP Address,100,75,True,2022-10-02 15:50:14,R_1GDD0I03bwVr0Hv,NA,NA,NA,NA,anonymous,EN,No,83,0,100,Yes,15-21,NA,Meat,Junior,Male,"Asian or Pacific Islander,White or Caucasian",NA
2022-10-02 15:47:51,2022-10-02 15:48:17,IP Address,7,25,False,2022-10-02 16:48:19,R_3j3rze4foFB5mMi,NA,NA,NA,NA,anonymous,EN,NA,NA,NA,NA,NA,NA,NA,NA,NA,NA,NA,NA
2022-10-03 13:10:15,2022-10-03 13:10:49,IP Address,100,34,True,2022-10-03 13:10:50,R_1Q9Fd4IMpY78J8v,NA,NA,NA,NA,qr,EN,Yes,100,21,82,Yes,1-7,NA,Meat,Junior,Female,Asian or Pacific Islander,NA
2022-10-03 13:10:53,2022-10-03 13:11:27,IP Address,100,33,True,2022-10-03 13:11:27,R_UKmZJUke35EUB8t,NA,NA,NA,NA,qr,EN,Yes,100,17,83,Yes,1-7,NA,Meat,Junior,Female,Asian or Pacific Islander,NA
2022-10-03 13:54:34,2022-10-03 13:55:20,IP Address,100,46,True,2022-10-03 13:55:21,R_3mjWmXFjrEYZb8R,NA,NA,NA,NA,anonymous,EN,Yes,100,0,100,Yes,15-21,NA,Meat,Sophomore,Male,"Asian or Pacific Islander,White or Caucasian",NA
2022-10-03 13:54:49,2022-10-03 13:55:39,IP Address,100,50,True,2022-10-03 13:55:39,R_1ibzzTnLeWhSVPI,NA,NA,NA,NA,qr,EN,Yes,95,25,90,Yes,8-14,NA,Meat,Sophomore,Male,White or Caucasian,NA
2022-10-03 14:29:36,2022-10-03 14:35:11,IP Address,100,334,True,2022-10-03 14:35:12,R_2VfDyoRFczlrULY,NA,NA,NA,NA,qr,EN,Yes,70,0,72,Yes,8-14,NA,Meat,Sophomore,Female,Hispanic or Latino,NA
2022-10-03 15:16:56,2022-10-03 15:18:14,IP Address,100,78,True,2022-10-03 15:18:15,R_1CyigegFCR34Vf7,NA,NA,NA,NA,qr,EN,Yes,90,0,100,Yes,8-14,1-7,Meat,Sophomore,Male,Asian or Pacific Islander,NA
2022-10-03 15:27:52,2022-10-03 15:29:09,IP Address,100,76,True,2022-10-03 15:29:09,R_1g6ds3SDX4VLr04,NA,NA,NA,NA,qr,EN,Yes,96,6,87,Yes,1-7,1-7,Meat,Sophomore,Female,Hispanic or Latino,NA
2022-10-03 15:27:39,2022-10-03 15:36:11,IP Address,100,511,True,2022-10-03 15:36:11,R_OjoDiy3oCfag42R,NA,NA,NA,NA,qr,EN,Yes,97,3,100,Yes,1-7,1-7,Meat,Freshman,Female,Asian or Pacific Islander,NA
2022-10-03 15:34:53,2022-10-03 15:36:18,IP Address,100,85,True,2022-10-03 15:36:19,R_oXBDGXIIhILrzO1,NA,NA,NA,NA,anonymous,EN,Yes,100,50,100,Yes,1-7,1-7,Meat,Sophomore,Female,Asian or Pacific Islander,NA
2022-10-03 15:34:59,2022-10-03 15:37:58,IP Address,100,179,True,2022-10-03 15:37:59,R_sXPg1UyU8Kkooi5,NA,NA,NA,NA,qr,EN,Yes,73,0,100,Yes,8-14,1-7,Meat,Sophomore,Non-binary,Asian or Pacific Islander,NA
2022-10-03 15:48:12,2022-10-03 15:48:55,IP Address,100,42,True,2022-10-03 15:48:55,R_3pciqUbzC9LKTkY,NA,NA,NA,NA,qr,EN,No,74,11,83,No,8-14,1-7,Meat,Junior,Female,"Asian or Pacific Islander,White or Caucasian",NA
2022-10-03 15:48:30,2022-10-03 15:50:44,IP Address,100,134,True,2022-10-03 15:50:45,R_2tD9CyeB2sRzcx7,NA,NA,NA,NA,qr,EN,No,87,97,87,Yes,15-21,1-7,Meat,Junior,Male,Asian or Pacific Islander,NA
2022-10-03 15:50:03,2022-10-03 15:51:10,IP Address,100,67,True,2022-10-03 15:51:11,R_31g6UFQXOLnD3tE,NA,NA,NA,NA,anonymous,EN,No,42,65,13,Yes,1-7,0,Meat,Junior,Male,White or Caucasian,NA
2022-10-03 15:48:43,2022-10-03 15:51:15,IP Address,100,151,True,2022-10-03 15:51:15,R_1giELffXwU07Qmu,NA,NA,NA,NA,anonymous,EN,No,100,0,92,Yes,15-21,1-7,Meat,Junior,Male,"Asian or Pacific Islander,White or Caucasian",NA
2022-10-03 15:50:01,2022-10-03 15:52:39,IP Address,100,158,True,2022-10-03 15:52:40,R_8reVdJVAOrvN5Zv,NA,NA,NA,NA,anonymous,EN,No,92,0,92,No,1-7,0,Flexitarian,Junior,Female,Asian or Pacific Islander,NA
2022-10-03 15:48:34,2022-10-03 15:54:07,IP Address,100,332,True,2022-10-03 15:54:08,R_24oxWjOzQa34rt2,NA,NA,NA,NA,qr,EN,Yes,65,7,87,No,0,0,Vegetarian,Junior,Male,Asian or Pacific Islander,No
2022-10-03 15:33:46,2022-10-03 15:57:41,IP Address,100,1434,True,2022-10-03 15:57:42,R_11XDVi8dmvOy4iM,NA,NA,NA,NA,qr,EN,Yes,94,19,77,No,0,0,Vegan,Sophomore,Female,White or Caucasian,NA
2022-10-03 15:33:09,2022-10-03 15:33:53,IP Address,7,44,False,2022-10-03 16:33:56,R_1NyIxUUZ0STKey3,NA,NA,NA,NA,qr,EN,NA,NA,NA,NA,NA,NA,NA,NA,NA,NA,NA,NA
2022-10-03 16:45:14,2022-10-03 16:46:45,IP Address,100,91,True,2022-10-03 16:46:46,R_3OdnxCIZHxAQpIW,NA,NA,NA,NA,anonymous,EN,Yes,100,0,100,Yes,8-14,1-7,Meat,Freshman,Female,White or Caucasian,NA
2022-10-03 15:49:23,2022-10-03 15:49:37,IP Address,7,14,False,2022-10-03 16:49:38,R_21zcn6JZYaeI8Ea,NA,NA,NA,NA,anonymous,EN,NA,NA,NA,NA,NA,NA,NA,NA,NA,NA,NA,NA
2022-10-03 20:37:11,2022-10-03 20:37:35,IP Address,7,23,False,2022-10-03 21:37:39,R_2tofoX6sUd2iODC,NA,NA,NA,NA,qr,EN,NA,NA,NA,NA,NA,NA,NA,NA,NA,NA,NA,NA
2022-10-04 10:32:11,2022-10-04 10:32:17,IP Address,7,6,False,2022-10-04 11:32:21,R_1mRe2XDfb2N5YTC,NA,NA,NA,NA,qr,EN,NA,NA,NA,NA,NA,NA,NA,NA,NA,NA,NA,NA
2022-10-04 12:14:27,2022-10-04 12:18:17,IP Address,100,229,True,2022-10-04 12:18:17,R_262BSTrRz2ZWW7h,NA,NA,NA,NA,qr,EN,Yes,31,36,77,No,0,0,Vegan,Freshman,Male,Asian or Pacific Islander,She didn’t give me enough guacamole even though I asked for more.
2022-10-04 14:00:15,2022-10-04 14:03:46,IP Address,100,211,True,2022-10-04 14:03:47,R_1hxIKRkNwFbMRWG,NA,NA,NA,NA,qr,EN,Yes,100,17,93,Yes,1-7,1-7,Meat,Senior,Female,Hispanic or Latino,NA
2022-10-04 14:18:13,2022-10-04 14:20:43,IP Address,100,149,True,2022-10-04 14:20:44,R_WepfGS6YqqSlhKx,NA,NA,NA,NA,qr,EN,Yes,100,67,45,No,1-7,1-7,Flexitarian,Senior,Female,White or Caucasian,NA
2022-10-04 14:23:16,2022-10-04 14:26:07,IP Address,100,170,True,2022-10-04 14:26:07,R_3nNpGfswLX700A2,NA,NA,NA,NA,anonymous,EN,Yes,98,4,91,Yes,8-14,0,Meat,Senior,Female,"Native American or Alaskan Native,White or Caucasian",The chicken was cut a little big but still tasted amazing.
2022-10-04 14:26:24,2022-10-04 14:28:27,IP Address,100,123,True,2022-10-04 14:28:28,R_2y77qIzKQffmrpY,NA,NA,NA,NA,qr,EN,Yes,50,51,50,Yes,8-14,1-7,Meat,Graduate student,Prefer not to answer,Prefer not to answer,I would like it if the burrito wraps were brought back. A burrito in a bowl is just not the same.
2022-10-04 14:29:22,2022-10-04 14:31:36,IP Address,100,134,True,2022-10-04 14:31:37,R_b6ZxvB1eeDp8zoR,NA,NA,NA,NA,qr,EN,Yes,100,0,100,Yes,8-14,1-7,Meat,Junior,Female,Asian or Pacific Islander,NA
2022-10-04 14:30:36,2022-10-04 14:32:54,IP Address,100,137,True,2022-10-04 14:32:55,R_2ahhUtB0gf74SHP,NA,NA,NA,NA,qr,EN,Yes,100,31,88,Yes,8-14,1-7,Meat,Freshman,Female,"Black or African American,Hispanic or Latino",NA
2022-10-04 14:30:48,2022-10-04 14:33:32,IP Address,100,164,True,2022-10-04 14:33:33,R_1FkqgCySIRX9gxo,NA,NA,NA,NA,qr,EN,Yes,86,0,78,Yes,8-14,8-14,Meat,Sophomore,Male,White or Caucasian,NA
2022-10-04 14:33:15,2022-10-04 14:34:25,IP Address,100,70,True,2022-10-04 14:34:26,R_3hflMKr8JJKTFgS,NA,NA,NA,NA,qr,EN,Yes,71,0,100,Yes,8-14,1-7,Meat,Senior,Female,Asian or Pacific Islander,NA
2022-10-04 14:34:05,2022-10-04 14:35:25,IP Address,100,80,True,2022-10-04 14:35:26,R_cTTeO4QeIA7cgff,NA,NA,NA,NA,qr,EN,Yes,38,18,76,No,0,0,Vegan,Junior,Female,White or Caucasian,NA
2022-10-04 14:37:22,2022-10-04 14:37:55,IP Address,100,32,True,2022-10-04 14:37:55,R_2X7FLE87Zlp9OFy,NA,NA,NA,NA,anonymous,EN,Yes,100,0,100,Yes,15-21,1-7,Meat,Junior,Male,"Asian or Pacific Islander,White or Caucasian",NA
2022-10-04 14:39:58,2022-10-04 14:40:59,IP Address,100,60,True,2022-10-04 14:40:59,R_9odbT176LkGVo09,NA,NA,NA,NA,qr,EN,Yes,90,70,98,Yes,8-14,0,Meat,Sophomore,Male,Hispanic or Latino,NA
2022-10-04 14:41:44,2022-10-04 14:42:23,IP Address,100,38,True,2022-10-04 14:42:23,R_3JwV3fmgVEKAklb,NA,NA,NA,NA,qr,EN,Yes,38,13,80,Yes,1-7,0,Meat,Sophomore,Female,"Asian or Pacific Islander,White or Caucasian",NA
2022-10-04 14:41:43,2022-10-04 14:42:57,IP Address,100,73,True,2022-10-04 14:42:58,R_2ALSczjIMOaI66v,NA,NA,NA,NA,qr,EN,Yes,86,0,100,Yes,1-7,1-7,Meat,Sophomore,Male,Hispanic or Latino,Portion sizes too big. Always have food waste
2022-10-04 14:45:26,2022-10-04 14:47:44,IP Address,100,137,True,2022-10-04 14:47:44,R_27s6rRoYEZbIKAU,NA,NA,NA,NA,qr,EN,Yes,90,0,94,Yes,1-7,1-7,Meat,Sophomore,Female,Asian or Pacific Islander,NA
2022-10-04 14:46:54,2022-10-04 14:47:57,IP Address,100,63,True,2022-10-04 14:47:58,R_vMtaTs7m59ArUgV,NA,NA,NA,NA,qr,EN,Yes,100,25,88,No,1-7,0,Meat,Sophomore,Female,Asian or Pacific Islander,NA
2022-10-04 14:47:24,2022-10-04 14:48:29,IP Address,100,64,True,2022-10-04 14:48:29,R_3FVvSVASXE4Vbsk,NA,NA,NA,NA,qr,EN,Yes,87,68,92,No,0,0,Vegetarian,Sophomore,Male,A race/ethnicity not listed here,NA
2022-10-04 14:46:45,2022-10-04 14:49:12,IP Address,100,146,True,2022-10-04 14:49:12,R_1qWntrnmOq70q4n,NA,NA,NA,NA,qr,EN,Yes,86,7,83,Yes,8-14,1-7,Meat,Junior,Female,Asian or Pacific Islander,NA
2022-10-04 14:57:05,2022-10-04 14:59:17,IP Address,100,132,True,2022-10-04 14:59:18,R_12mNBN3WtILDHhv,NA,NA,NA,NA,qr,EN,Yes,84,28,74,Yes,1-7,8-14,Flexitarian,Graduate student,Male,White or Caucasian,They stopped serving burritos.. We loved burritos!!!
2022-10-04 14:58:47,2022-10-04 15:00:04,IP Address,100,77,True,2022-10-04 15:00:05,R_20TcNkgmtxtqR69,NA,NA,NA,NA,qr,EN,Yes,74,19,74,No,8-14,1-7,Flexitarian,Freshman,Female,Hispanic or Latino,NA
2022-10-04 14:58:43,2022-10-04 15:01:06,IP Address,100,142,True,2022-10-04 15:01:06,R_r1nf8GVB19BBgTD,NA,NA,NA,NA,qr,EN,Yes,50,69,50,No,8-14,1-7,Meat,Freshman,Female,Asian or Pacific Islander,NA
2022-10-04 15:05:38,2022-10-04 15:06:23,IP Address,100,45,True,2022-10-04 15:06:23,R_1ONZOEkEtndKbxs,NA,NA,NA,NA,anonymous,EN,Yes,100,64,83,No,8-14,0,Flexitarian,Sophomore,Female,Asian or Pacific Islander,NA
2022-10-04 15:05:37,2022-10-04 15:08:04,IP Address,100,146,True,2022-10-04 15:08:04,R_2dBitOq1p3bEdGw,NA,NA,NA,NA,qr,EN,Yes,76,2,86,No,8-14,1-7,Flexitarian,Freshman,Male,White or Caucasian,NA
2022-10-04 15:11:08,2022-10-04 15:14:23,IP Address,100,194,True,2022-10-04 15:14:23,R_2zqpKkk26I4XToI,NA,NA,NA,NA,qr,EN,Yes,73,7,95,Yes,8-14,1-7,Meat,Freshman,Female,Asian or Pacific Islander,NA
2022-10-04 15:13:50,2022-10-04 15:15:50,IP Address,100,119,True,2022-10-04 15:15:51,R_9M6uY1t7Jh8Aykx,NA,NA,NA,NA,qr,EN,Yes,89,37,68,Yes,1-7,1-7,Meat,Graduate student,Male,White or Caucasian,Bring burritos back
2022-10-04 15:20:28,2022-10-04 15:21:33,IP Address,100,64,True,2022-10-04 15:21:33,R_oYvQ81x6UWP6fHr,NA,NA,NA,NA,qr,EN,Yes,84,26,37,No,0,1-7,Flexitarian,Junior,Female,Hispanic or Latino,NA
2022-10-04 15:20:23,2022-10-04 15:21:41,IP Address,100,78,True,2022-10-04 15:21:41,R_1hKbQLJmSlS32EC,NA,NA,NA,NA,qr,EN,Yes,100,0,100,No,0,0,Vegan,Junior,Female,White or Caucasian,NA
2022-10-04 15:22:04,2022-10-04 15:24:59,IP Address,100,174,True,2022-10-04 15:24:59,R_w7qLm4Awcjz8BTb,NA,NA,NA,NA,qr,EN,Yes,92,0,100,Yes,1-7,0,Meat,Other,Female,White or Caucasian,Please bring the burrito back! Much better than the bowl
2022-10-04 15:22:04,2022-10-04 15:29:03,IP Address,100,419,True,2022-10-04 15:29:03,R_u8SGV31l0pRxGG5,NA,NA,NA,NA,qr,EN,Yes,58,51,51,Yes,8-14,0,Meat,Sophomore,Male,"Native American or Alaskan Native,White or Caucasian","Please have more cilantro rice, more chicken, and less pork, less beef, and less yellow rice. AND BRING BACK THE BIG BOWLS!!!!"
2022-10-04 15:20:33,2022-10-04 15:29:20,IP Address,100,527,True,2022-10-04 15:29:21,R_3jcUY36LmC4EWQJ,NA,NA,NA,NA,qr,EN,Yes,84,0,81,Yes,1-7,0,Flexitarian,Senior,Non-binary,White or Caucasian,I live in a vegetarian house so I eat meat every time I am in the dining hall to get the extra protein but rarely go to the dining hall
2022-10-04 15:28:48,2022-10-04 15:31:29,IP Address,100,160,True,2022-10-04 15:31:30,R_b9PstkNESG7Xu0N,NA,NA,NA,NA,qr,EN,Yes,97,0,95,No,0,0,Vegetarian,Sophomore,Female,White or Caucasian,NA
2022-10-04 15:21:39,2022-10-04 15:33:20,IP Address,100,701,True,2022-10-04 15:33:21,R_sulsj77vyhxB7aN,NA,NA,NA,NA,qr,EN,Yes,100,0,100,Yes,8-14,0,Meat,Sophomore,Female,Hispanic or Latino,NA
2022-10-04 15:30:17,2022-10-04 15:35:53,IP Address,100,336,True,2022-10-04 15:35:54,R_ANbeTDC7KfeKYZX,NA,NA,NA,NA,qr,EN,Yes,100,31,56,No,1-7,0,Flexitarian,Sophomore,Female,Asian or Pacific Islander,None! Love stern
2022-10-04 15:34:39,2022-10-04 15:36:05,IP Address,100,85,True,2022-10-04 15:36:05,R_3g0iQwxHafUZzSh,NA,NA,NA,NA,qr,EN,Yes,86,4,93,No,8-14,1-7,Meat,Junior,Female,"Hispanic or Latino,White or Caucasian",NA
2022-10-04 15:36:36,2022-10-04 15:37:46,IP Address,100,69,True,2022-10-04 15:37:47,R_2YswZvAyb8fvwmL,NA,NA,NA,NA,qr,EN,No,70,0,66,Yes,8-14,1-7,Meat,Sophomore,Female,White or Caucasian,NA
2022-10-04 15:36:21,2022-10-04 15:38:17,IP Address,100,115,True,2022-10-04 15:38:17,R_2Pu5sWFiO4w18BO,NA,NA,NA,NA,qr,EN,Yes,90,10,86,No,1-7,1-7,Flexitarian,Sophomore,Female,White or Caucasian,NA
2022-10-04 15:36:26,2022-10-04 15:38:18,IP Address,100,112,True,2022-10-04 15:38:19,R_31ibo1EbBKCVs71,NA,NA,NA,NA,qr,EN,Yes,72,15,76,No,1-7,1-7,Pescatarian,Sophomore,Female,Hispanic or Latino,More protein options for the burrito bowl besides red meat!
2022-10-04 15:37:37,2022-10-04 15:38:59,IP Address,100,82,True,2022-10-04 15:38:59,R_3F8OeTpuQz3XnG1,NA,NA,NA,NA,qr,EN,Yes,68,76,94,Yes,8-14,1-7,Meat,Freshman,Female,Asian or Pacific Islander,NA
2022-10-04 15:45:20,2022-10-04 15:46:37,IP Address,100,76,True,2022-10-04 15:46:38,R_2v2ER5YgqmgsThj,NA,NA,NA,NA,qr,EN,Yes,88,31,62,Yes,1-7,1-7,Meat,Sophomore,Female,White or Caucasian,NA
2022-10-04 15:52:42,2022-10-04 15:54:01,IP Address,100,79,True,2022-10-04 15:54:02,R_3oEAJoSylJ5WXdL,NA,NA,NA,NA,qr,EN,Yes,100,15,97,Yes,8-14,1-7,Meat,Sophomore,Male,Hispanic or Latino,NA
2022-10-04 15:52:17,2022-10-04 15:54:05,IP Address,100,107,True,2022-10-04 15:54:06,R_3lMhZMo8TDLGOCT,NA,NA,NA,NA,qr,EN,Yes,100,0,100,Yes,15-21,1-7,Meat,Sophomore,Female,Asian or Pacific Islander,NA
2022-10-04 15:56:22,2022-10-04 15:57:54,IP Address,100,92,True,2022-10-04 15:57:54,R_Z4PcQei3VuFrEBP,NA,NA,NA,NA,qr,EN,Yes,0,41,64,No,0,1-7,Pescatarian,Graduate student,Female,Asian or Pacific Islander,NA
2022-10-04 15:34:44,2022-10-04 15:58:05,IP Address,100,1400,True,2022-10-04 15:58:06,R_24H20cf5tzX1LxH,NA,NA,NA,NA,qr,EN,Yes,0,57,41,Yes,15-21,8-14,Meat,Senior,Male,Asian or Pacific Islander,No
2022-10-04 15:56:53,2022-10-04 15:58:19,IP Address,100,85,True,2022-10-04 15:58:19,R_2dMBtT0dkEjbgh5,NA,NA,NA,NA,qr,EN,Yes,82,16,81,Yes,8-14,1-7,Meat,Freshman,Female,Asian or Pacific Islander,NA
2022-10-04 15:57:28,2022-10-04 15:59:28,IP Address,100,119,True,2022-10-04 15:59:28,R_pgFncJGd4cya2jf,NA,NA,NA,NA,anonymous,EN,Yes,84,33,64,Yes,8-14,1-7,Meat,Freshman,Male,Asian or Pacific Islander,NA
2022-10-04 15:57:12,2022-10-04 16:02:03,IP Address,100,290,True,2022-10-04 16:02:03,R_32W0LOXdejBQBMT,NA,NA,NA,NA,qr,EN,Yes,83,0,100,Yes,8-14,1-7,Meat,Freshman,Male,Asian or Pacific Islander,NA
2022-10-04 15:52:29,2022-10-04 16:05:10,IP Address,100,761,True,2022-10-04 16:05:11,R_sNb0JIFEI7DoC0p,NA,NA,NA,NA,qr,EN,Yes,100,0,100,Yes,1-7,1-7,Meat,Senior,Female,Asian or Pacific Islander,Mea portion too big even if I ask for only a little bit
2022-10-04 15:31:31,2022-10-04 16:12:44,IP Address,100,2472,True,2022-10-04 16:12:44,R_2SfblpHmeUHjzwy,NA,NA,NA,NA,qr,EN,Yes,100,0,100,No,0,0,Vegetarian,Junior,Female,Asian or Pacific Islander,Thank you to the lovely dining hall workers! So kind and caring.
2022-10-04 16:12:37,2022-10-04 16:13:20,IP Address,100,43,True,2022-10-04 16:13:22,R_1OUIqy1PS4d6XYU,NA,NA,NA,NA,qr,EN,Yes,100,0,83,Yes,1-7,1-7,Meat,Junior,Female,Asian or Pacific Islander,NA
2022-10-04 16:18:25,2022-10-04 16:19:58,IP Address,100,93,True,2022-10-04 16:19:59,R_24HSC1rO1roKuRz,NA,NA,NA,NA,qr,EN,Yes,71,68,72,Yes,15-21,1-7,Meat,Sophomore,Male,Asian or Pacific Islander,NA
2022-10-04 16:24:10,2022-10-04 16:25:21,IP Address,100,71,True,2022-10-04 16:25:21,R_2Xd1F86b8oxQlLu,NA,NA,NA,NA,qr,EN,Yes,33,31,74,No,0,0,Vegetarian,Sophomore,Male,Asian or Pacific Islander,N/a
2022-10-04 16:24:10,2022-10-04 16:25:52,IP Address,100,101,True,2022-10-04 16:25:52,R_OPwP5szOFRdZfYR,NA,NA,NA,NA,anonymous,EN,Yes,54,26,74,Yes,8-14,1-7,Meat,Sophomore,Male,Asian or Pacific Islander,NA
2022-10-04 16:24:28,2022-10-04 16:29:22,IP Address,100,293,True,2022-10-04 16:29:22,R_1rAJ1Cu7qcAo9E8,NA,NA,NA,NA,qr,EN,Yes,83,10,90,Yes,15-21,0,Meat,Sophomore,Male,Asian or Pacific Islander,N/A
2022-10-04 15:38:28,2022-10-04 15:38:33,IP Address,7,5,False,2022-10-04 16:38:34,R_2qdvkU4dv7mfbrw,NA,NA,NA,NA,qr,EN,NA,NA,NA,NA,NA,NA,NA,NA,NA,NA,NA,NA
2022-10-04 16:42:39,2022-10-04 16:44:12,IP Address,100,93,True,2022-10-04 16:44:12,R_1pzMPQeBU6PqVuF,NA,NA,NA,NA,qr,EN,No,31,30,71,Yes,8-14,1-7,Meat,Sophomore,Female,White or Caucasian,NA
2022-10-04 16:43:42,2022-10-04 16:44:29,IP Address,100,46,True,2022-10-04 16:44:29,R_3JDBupxseADUcqZ,NA,NA,NA,NA,qr,EN,No,65,27,69,Yes,1-7,1-7,Meat,Junior,Female,"Asian or Pacific Islander,White or Caucasian",NA
2022-10-04 16:50:43,2022-10-04 16:51:46,IP Address,100,63,True,2022-10-04 16:51:46,R_2Cgh8GiazhICiGE,NA,NA,NA,NA,qr,EN,Yes,84,0,100,No,0,0,Vegetarian,Sophomore,Female,White or Caucasian,NA
2022-10-04 16:06:17,2022-10-04 16:06:25,IP Address,7,8,False,2022-10-04 17:06:28,R_111toHHgjC94M8f,NA,NA,NA,NA,qr,EN,NA,NA,NA,NA,NA,NA,NA,NA,NA,NA,NA,NA
2022-10-04 17:02:49,2022-10-04 17:25:17,IP Address,100,1347,True,2022-10-04 17:25:17,R_3ELMJshKU4bNNhg,NA,NA,NA,NA,qr,EN,Yes,82,0,94,Yes,8-14,1-7,Meat,Graduate student,Male,Hispanic or Latino,NA
2022-10-04 17:24:11,2022-10-04 17:25:21,IP Address,100,70,True,2022-10-04 17:25:22,R_8jIrDmEkLJpaGmB,NA,NA,NA,NA,qr,EN,Yes,81,71,17,Yes,8-14,1-7,Meat,Sophomore,Male,Hispanic or Latino,NA
2022-10-04 17:25:21,2022-10-04 17:26:13,IP Address,100,52,True,2022-10-04 17:26:13,R_1kYVCKqa0lT2rKx,NA,NA,NA,NA,qr,EN,Yes,93,0,93,Yes,8-14,1-7,Meat,Graduate student,Prefer not to answer,Prefer not to answer,NA
2022-10-04 17:26:00,2022-10-04 17:27:06,IP Address,100,66,True,2022-10-04 17:27:07,R_32SfPUAVxsaM5al,NA,NA,NA,NA,qr,EN,No,100,0,82,Yes,8-14,1-7,Meat,Sophomore,Male,Hispanic or Latino,NA
2022-10-04 17:25:38,2022-10-04 17:28:00,IP Address,100,142,True,2022-10-04 17:28:00,R_3QEn7W3k04fhCrJ,NA,NA,NA,NA,qr,EN,Yes,92,28,76,Yes,8-14,1-7,Flexitarian,Sophomore,Male,"Black or African American,Hispanic or Latino",NA
2022-10-04 17:28:19,2022-10-04 17:30:41,IP Address,100,141,True,2022-10-04 17:30:41,R_2WDs5ONkS7sVTqB,NA,NA,NA,NA,qr,EN,Yes,76,80,66,Yes,8-14,1-7,Flexitarian,Senior,Female,Hispanic or Latino,NA
2022-10-04 17:33:39,2022-10-04 17:35:48,IP Address,100,129,True,2022-10-04 17:35:48,R_294yuU3VFNsLOR4,NA,NA,NA,NA,qr,EN,Yes,100,0,82,Yes,8-14,1-7,Meat,Sophomore,Male,Hispanic or Latino,I love Cardinal Sage. Don’t change what’s not broken. It’s great and it makes my day to eat there for lunch. Thanks!
2022-10-04 17:40:19,2022-10-04 17:42:21,IP Address,100,121,True,2022-10-04 17:42:22,R_2dhxZ0F14dXgDkm,NA,NA,NA,NA,qr,EN,Yes,100,18,72,Yes,15-21,1-7,Meat,Sophomore,Female,Hispanic or Latino,NA
2022-10-04 17:41:23,2022-10-04 17:43:00,IP Address,100,96,True,2022-10-04 17:43:00,R_2dnXz1q7UALq5aI,NA,NA,NA,NA,qr,EN,No,55,56,52,Yes,8-14,1-7,Meat,Senior,Male,Hispanic or Latino,NA
2022-10-04 16:51:05,2022-10-04 16:51:13,IP Address,7,7,False,2022-10-04 17:51:14,R_3QYJeXOEN9Lis8t,NA,NA,NA,NA,qr,EN,NA,NA,NA,NA,NA,NA,NA,NA,NA,NA,NA,NA
2022-10-04 18:00:15,2022-10-04 18:02:24,IP Address,100,128,True,2022-10-04 18:02:25,R_22M4tE7Dn7YsDgV,NA,NA,NA,NA,qr,EN,Yes,82,49,47,Yes,8-14,1-7,Meat,Sophomore,Male,Hispanic or Latino,Maybe for burrito bowls more carne asada type of beef! It would go really good with the toppings.
2022-10-04 17:02:42,2022-10-04 17:02:53,IP Address,7,10,False,2022-10-04 18:02:56,R_QikkiE10B3FNHgd,NA,NA,NA,NA,qr,EN,NA,NA,NA,NA,NA,NA,NA,NA,NA,NA,NA,NA
2022-10-04 18:24:22,2022-10-04 18:25:40,IP Address,100,78,True,2022-10-04 18:25:40,R_1nNoF4nNDkXvRn7,NA,NA,NA,NA,qr,EN,Yes,95,9,72,Yes,8-14,8-14,Meat,Sophomore,Male,Hispanic or Latino,NA
2022-10-04 18:39:08,2022-10-04 18:40:52,IP Address,100,103,True,2022-10-04 18:40:52,R_2fuGp1THrNYNP9D,NA,NA,NA,NA,qr,EN,No,76,41,39,No,8-14,1-7,Meat,Sophomore,Female,Hispanic or Latino,NA
2022-10-04 17:45:19,2022-10-04 18:46:05,IP Address,100,3645,True,2022-10-04 18:46:06,R_xm9ghSgT1CUdWal,NA,NA,NA,NA,qr,EN,Yes,31,72,71,Yes,8-14,8-14,Meat,Senior,Male,Asian or Pacific Islander,NA
2022-10-04 20:02:10,2022-10-04 20:03:43,IP Address,100,92,True,2022-10-04 20:03:43,R_22Lz8CwDKvmiBII,NA,NA,NA,NA,qr,EN,Yes,100,0,92,No,1-7,1-7,Flexitarian,Sophomore,Female,Hispanic or Latino,NA
2022-10-04 21:03:04,2022-10-04 21:21:09,IP Address,100,1085,True,2022-10-04 21:21:10,R_3NWIfaKTTiodkz3,NA,NA,NA,NA,anonymous,EN,Yes,81,72,83,Yes,1-7,1-7,Meat,Senior,Male,Hispanic or Latino,NA
2022-10-04 21:26:46,2022-10-04 21:29:11,IP Address,100,145,True,2022-10-04 21:29:12,R_2D5iB8jy4oVpftk,NA,NA,NA,NA,qr,EN,Yes,81,14,83,Yes,8-14,1-7,Meat,Freshman,Female,Asian or Pacific Islander,NA
2022-10-04 21:01:25,2022-10-04 21:01:59,IP Address,7,33,False,2022-10-04 22:02:01,R_2qFdmq6PDjjDudc,NA,NA,NA,NA,qr,EN,NA,NA,NA,NA,NA,NA,NA,NA,NA,NA,NA,NA
2022-10-05 00:04:17,2022-10-05 00:05:11,IP Address,100,54,True,2022-10-05 00:05:11,R_2OOKCnrteUjEefa,NA,NA,NA,NA,anonymous,EN,Yes,100,30,100,Yes,8-14,8-14,Meat,Sophomore,Male,Asian or Pacific Islander,NA
2022-10-05 12:04:00,2022-10-05 12:04:28,IP Address,7,27,False,2022-10-05 13:04:29,R_3qCYoOOSc523r48,NA,NA,NA,NA,qr,EN,NA,NA,NA,NA,NA,NA,NA,NA,NA,NA,NA,NA
2022-10-05 14:06:51,2022-10-05 14:09:05,IP Address,100,134,True,2022-10-05 14:09:05,R_1r237dX9Z8Izidf,NA,NA,NA,NA,qr,EN,Yes,86,40,57,No,0,0,Vegetarian,Freshman,Male,Asian or Pacific Islander,NA
2022-10-05 14:07:42,2022-10-05 14:09:19,IP Address,100,97,True,2022-10-05 14:09:19,R_3EnWzX7jd6qgXRY,NA,NA,NA,NA,qr,EN,Yes,77,0,83,Yes,15-21,1-7,Flexitarian,Sophomore,Female,Asian or Pacific Islander,NA
2022-10-05 14:31:46,2022-10-05 14:32:13,IP Address,100,26,True,2022-10-05 14:32:13,R_UJAMiy4cDDEnaff,NA,NA,NA,NA,anonymous,EN,Yes,75,16,69,Yes,8-14,8-14,Meat,Sophomore,Male,Asian or Pacific Islander,NA
2022-10-05 14:28:46,2022-10-05 14:33:06,IP Address,100,260,True,2022-10-05 14:33:07,R_bOPW6JS5dhHm5nX,NA,NA,NA,NA,qr,EN,Yes,62,62,61,No,0,0,Vegetarian,Graduate student,Male,Asian or Pacific Islander,NA
2022-10-05 14:37:19,2022-10-05 14:37:59,IP Address,100,39,True,2022-10-05 14:37:59,R_1LUQiHStIv9t0AL,NA,NA,NA,NA,qr,EN,Yes,63,0,100,No,0,0,Vegetarian,Junior,Non-binary,Asian or Pacific Islander,NA
2022-10-05 14:37:10,2022-10-05 14:38:43,IP Address,100,93,True,2022-10-05 14:38:43,R_26l5lDs8c2iJzhS,NA,NA,NA,NA,qr,EN,Yes,71,5,100,No,1-7,1-7,Flexitarian,Junior,Male,Asian or Pacific Islander,NA
2022-10-05 14:39:13,2022-10-05 14:40:11,IP Address,100,58,True,2022-10-05 14:40:11,R_3R2QJQkiUxS15Gq,NA,NA,NA,NA,qr,EN,Yes,87,21,73,Yes,1-7,1-7,Meat,Freshman,Male,"Asian or Pacific Islander,White or Caucasian",NA
2022-10-05 14:39:11,2022-10-05 14:40:41,IP Address,100,89,True,2022-10-05 14:40:41,R_00pCiGbmxv1SzC1,NA,NA,NA,NA,qr,EN,Yes,100,18,82,Yes,8-14,0,Meat,Freshman,Female,White or Caucasian,NA
2022-10-05 14:40:41,2022-10-05 14:43:07,IP Address,100,146,True,2022-10-05 14:43:07,R_2b3QaOjkiYL3Nxx,NA,NA,NA,NA,qr,EN,Yes,72,0,89,Yes,1-7,1-7,Flexitarian,Senior,Female,White or Caucasian,I ate meat at today’s meal because it has been pretty difficult to find sufficient vegetarian protein options since coming back to school. The pork was extremely salty.
2022-10-05 14:41:52,2022-10-05 14:43:11,IP Address,100,78,True,2022-10-05 14:43:11,R_URsjALCeL8FJkdz,NA,NA,NA,NA,qr,EN,Yes,90,30,75,Yes,15-21,1-7,Meat,Freshman,Male,White or Caucasian,NA
2022-10-05 14:42:54,2022-10-05 14:43:57,IP Address,100,62,True,2022-10-05 14:43:58,R_D367422zGptTr4B,NA,NA,NA,NA,anonymous,EN,Yes,83,7,94,Yes,1-7,1-7,Flexitarian,Sophomore,Female,Asian or Pacific Islander,NA
2022-10-05 14:54:56,2022-10-05 14:55:59,IP Address,100,62,True,2022-10-05 14:55:59,R_xmy8Cg7Cy0hQ8ed,NA,NA,NA,NA,qr,EN,Yes,83,77,85,Yes,1-7,0,Flexitarian,Freshman,Female,Hispanic or Latino,NA
2022-10-05 14:56:20,2022-10-05 14:57:18,IP Address,100,58,True,2022-10-05 14:57:19,R_1GCRh9rwaLvcACy,NA,NA,NA,NA,qr,EN,Yes,91,32,100,Yes,1-7,1-7,Meat,Freshman,Female,Asian or Pacific Islander,NA
2022-10-05 14:56:12,2022-10-05 14:57:28,IP Address,100,75,True,2022-10-05 14:57:28,R_3e2gLbnSkbZ5nyt,NA,NA,NA,NA,qr,EN,Yes,100,18,82,Yes,8-14,1-7,Meat,Freshman,Male,Asian or Pacific Islander,NA
2022-10-05 14:50:26,2022-10-05 14:58:27,IP Address,100,480,True,2022-10-05 14:58:28,R_3ncqP3j67vjAQWW,NA,NA,NA,NA,qr,EN,Yes,91,0,83,No,0,0,Flexitarian,Junior,Female,White or Caucasian,NA
2022-10-05 14:57:31,2022-10-05 14:58:37,IP Address,100,66,True,2022-10-05 14:58:37,R_W7mD5AQKDB2Kh5T,NA,NA,NA,NA,qr,EN,Yes,100,83,100,No,0,0,Vegetarian,Freshman,Female,"Hispanic or Latino,White or Caucasian",NA
2022-10-05 14:55:59,2022-10-05 14:58:39,IP Address,100,159,True,2022-10-05 14:58:39,R_egOl6PDHuMdk6xX,NA,NA,NA,NA,qr,EN,Yes,82,26,86,No,0,0,Vegetarian,Junior,Female,Asian or Pacific Islander,NA
2022-10-05 14:57:52,2022-10-05 14:59:15,IP Address,100,82,True,2022-10-05 14:59:16,R_3oZWZRv94BxKeuq,NA,NA,NA,NA,qr,EN,Yes,95,63,72,No,0,0,Vegan,Freshman,Female,"Asian or Pacific Islander,White or Caucasian",NA
2022-10-05 14:58:41,2022-10-05 14:59:51,IP Address,100,69,True,2022-10-05 14:59:51,R_28Iidk8dCrZZ7uK,NA,NA,NA,NA,qr,EN,Yes,100,81,100,No,0,0,Vegetarian,Freshman,Female,"Hispanic or Latino,White or Caucasian",NA
2022-10-05 14:59:23,2022-10-05 15:00:46,IP Address,100,82,True,2022-10-05 15:00:46,R_3G9BGQ2qzNnZlXD,NA,NA,NA,NA,qr,EN,Yes,91,27,72,No,0,0,Vegan,Freshman,Female,"Asian or Pacific Islander,White or Caucasian",NA
2022-10-05 15:00:38,2022-10-05 15:04:19,IP Address,100,221,True,2022-10-05 15:04:19,R_28IqhuVgNOLEnaX,NA,NA,NA,NA,qr,EN,Yes,73,66,40,Yes,8-14,8-14,Meat,Freshman,Male,"Hispanic or Latino,White or Caucasian",NA
2022-10-05 15:05:36,2022-10-05 15:08:32,IP Address,100,175,True,2022-10-05 15:08:32,R_enEEhzkO6oB5f6F,NA,NA,NA,NA,anonymous,EN,Yes,83,6,81,Yes,8-14,1-7,Meat,Graduate student,Male,Black or African American,temesgen@stanford.edu
2022-10-05 15:09:00,2022-10-05 15:10:38,IP Address,100,97,True,2022-10-05 15:10:38,R_Qh7BOU228JnEhb3,NA,NA,NA,NA,anonymous,EN,Yes,76,2,98,Yes,15-21,1-7,Meat,Graduate student,Male,Black or African American,Please bring back burritos
2022-10-05 15:17:06,2022-10-05 15:17:39,IP Address,100,32,True,2022-10-05 15:17:40,R_0SwiospADHTGWl3,NA,NA,NA,NA,anonymous,EN,Yes,100,0,100,Yes,15-21,1-7,Meat,Junior,Male,"Asian or Pacific Islander,White or Caucasian",NA
2022-10-05 15:20:46,2022-10-05 15:24:27,IP Address,100,220,True,2022-10-05 15:24:27,R_4Z6GQWlChTpQunD,NA,NA,NA,NA,anonymous,EN,Yes,78,24,87,Yes,1-7,15-21,Meat,Freshman,Female,Asian or Pacific Islander,NA
2022-10-05 15:24:33,2022-10-05 15:25:46,IP Address,100,72,True,2022-10-05 15:25:46,R_1pWEZkMJBYJ5K6z,NA,NA,NA,NA,qr,EN,Yes,100,7,63,Yes,8-14,1-7,Meat,Freshman,Female,Hispanic or Latino,NA
2022-10-05 15:26:00,2022-10-05 15:27:33,IP Address,100,92,True,2022-10-05 15:27:33,R_2QXR762asSsJOzj,NA,NA,NA,NA,qr,EN,Yes,78,81,76,Yes,22+,22+,Meat,Freshman,Male,A race/ethnicity not listed here,No
2022-10-05 15:26:40,2022-10-05 15:27:47,IP Address,100,67,True,2022-10-05 15:27:48,R_1FfcIcvfVhdERp4,NA,NA,NA,NA,qr,EN,Yes,100,6,81,Yes,8-14,0,Meat,Freshman,Female,White or Caucasian,NA
2022-10-05 15:28:17,2022-10-05 15:29:28,IP Address,100,70,True,2022-10-05 15:29:29,R_1g26Mx3cURXQNYF,NA,NA,NA,NA,anonymous,EN,Yes,82,8,100,No,0,0,Vegetarian,Freshman,Female,Asian or Pacific Islander,NA
2022-10-05 15:27:56,2022-10-05 15:30:20,IP Address,100,144,True,2022-10-05 15:30:20,R_2TH99nUPu66zEqL,NA,NA,NA,NA,qr,EN,Yes,64,21,71,No,8-14,0,Flexitarian,Senior,Female,Prefer not to answer,NA
2022-10-05 15:30:57,2022-10-05 15:31:59,IP Address,100,61,True,2022-10-05 15:31:59,R_3ENnt2Oqksc55qi,NA,NA,NA,NA,qr,EN,No,60,36,63,Yes,8-14,1-7,Meat,Junior,Female,"Asian or Pacific Islander,White or Caucasian",NA
2022-10-05 15:32:32,2022-10-05 15:33:18,IP Address,100,45,True,2022-10-05 15:33:19,R_8IL7mIHdfHvHRtL,NA,NA,NA,NA,anonymous,EN,Yes,100,0,92,No,1-7,0,Flexitarian,Junior,Female,Asian or Pacific Islander,NA
2022-10-05 15:31:52,2022-10-05 15:33:29,IP Address,100,96,True,2022-10-05 15:33:29,R_1CEo6ttZ7mmgDIM,NA,NA,NA,NA,qr,EN,Yes,82,83,83,Yes,8-14,0,Meat,Freshman,Female,Hispanic or Latino,NA
2022-10-05 15:42:31,2022-10-05 15:45:51,IP Address,100,199,True,2022-10-05 15:45:51,R_3I0osLH1Z4HLqIr,NA,NA,NA,NA,qr,EN,Yes,61,0,82,No,0,0,Vegetarian,Freshman,Female,"Black or African American,White or Caucasian",The food could be more flavorful and there could be more nonmeat options
2022-10-05 15:47:06,2022-10-05 15:47:54,IP Address,100,48,True,2022-10-05 15:47:55,R_279abIgQD1l63uU,NA,NA,NA,NA,qr,EN,Yes,98,75,83,Yes,8-14,1-7,Meat,Junior,Male,Asian or Pacific Islander,It was great!
2022-10-05 15:47:27,2022-10-05 15:49:20,IP Address,100,113,True,2022-10-05 15:49:21,R_2vZGWFerDGUiz5P,NA,NA,NA,NA,qr,EN,Yes,71,17,76,Yes,15-21,1-7,Meat,Junior,Male,Black or African American,NA
2022-10-05 15:43:45,2022-10-05 15:49:57,IP Address,100,371,True,2022-10-05 15:49:57,R_3EFQf7YyqlS1vwu,NA,NA,NA,NA,qr,EN,Yes,100,33,62,No,1-7,0,Flexitarian,Sophomore,Female,Asian or Pacific Islander,Amazing
2022-10-05 15:49:35,2022-10-05 15:50:28,IP Address,100,52,True,2022-10-05 15:50:28,R_1hEdfLXakZZGWdw,NA,NA,NA,NA,anonymous,EN,Yes,85,25,74,Yes,8-14,1-7,Meat,Freshman,Male,Hispanic or Latino,NA
2022-10-05 15:49:57,2022-10-05 15:50:39,IP Address,100,41,True,2022-10-05 15:50:39,R_1BUUTyvSwCQTZV0,NA,NA,NA,NA,qr,EN,Yes,79,75,29,Yes,1-7,1-7,Meat,Sophomore,Female,Asian or Pacific Islander,NA
2022-10-05 15:37:50,2022-10-05 15:58:14,IP Address,100,1224,True,2022-10-05 15:58:15,R_3NCo4ZkFgjKAOre,NA,NA,NA,NA,qr,EN,Yes,100,67,25,Yes,15-21,1-7,Meat,Sophomore,Male,Asian or Pacific Islander,NA
2022-10-05 15:43:55,2022-10-05 15:58:27,IP Address,100,871,True,2022-10-05 15:58:27,R_22QYkjbyk1jQger,NA,NA,NA,NA,qr,EN,Yes,100,0,78,Yes,8-14,1-7,Meat,Sophomore,Female,"Native American or Alaskan Native,White or Caucasian",NA
2022-10-05 15:57:03,2022-10-05 15:59:05,IP Address,100,122,True,2022-10-05 15:59:05,R_wNMp7hdc1qPDX2x,NA,NA,NA,NA,qr,EN,Yes,61,19,85,Yes,8-14,1-7,Meat,Graduate student,Male,Asian or Pacific Islander,NA
2022-10-05 15:54:33,2022-10-05 16:01:57,IP Address,100,443,True,2022-10-05 16:01:58,R_xaXCvdw0YGnHRIJ,NA,NA,NA,NA,qr,EN,Yes,89,0,100,Yes,8-14,0,Meat,Freshman,Female,Hispanic or Latino,NA
2022-10-05 16:02:32,2022-10-05 16:03:41,IP Address,100,69,True,2022-10-05 16:03:41,R_eWkarprVXwYtOvv,NA,NA,NA,NA,qr,EN,Yes,65,73,77,Yes,1-7,1-7,Meat,Graduate student,Female,Asian or Pacific Islander,NA
2022-10-05 16:04:09,2022-10-05 16:05:11,IP Address,100,62,True,2022-10-05 16:05:11,R_2usKRPIlEaBBbiK,NA,NA,NA,NA,qr,EN,Yes,39,0,78,Yes,1-7,1-7,Meat,Sophomore,Male,Asian or Pacific Islander,NA
2022-10-05 16:04:20,2022-10-05 16:06:10,IP Address,100,109,True,2022-10-05 16:06:11,R_27WCGyWuvaDMPKG,NA,NA,NA,NA,qr,EN,Yes,71,0,81,Yes,1-7,1-7,Meat,Sophomore,Female,Asian or Pacific Islander,NA
2022-10-05 16:05:05,2022-10-05 16:06:47,IP Address,100,102,True,2022-10-05 16:06:47,R_qxQNfz365aDgNfH,NA,NA,NA,NA,anonymous,EN,Yes,82,9,88,Yes,1-7,1-7,Meat,Graduate student,Male,White or Caucasian,NA
2022-10-05 16:05:53,2022-10-05 16:06:59,IP Address,100,66,True,2022-10-05 16:06:59,R_2uBQ2zBRXVot3Wl,NA,NA,NA,NA,anonymous,EN,Yes,77,7,78,Yes,1-7,1-7,Meat,Other,Male,White or Caucasian,NA
2022-10-05 16:16:14,2022-10-05 16:17:23,IP Address,100,68,True,2022-10-05 16:17:23,R_2q9ufh25epeHTnD,NA,NA,NA,NA,qr,EN,Yes,47,18,83,No,1-7,0,Flexitarian,Junior,Female,White or Caucasian,NA
2022-10-05 16:16:45,2022-10-05 16:18:26,IP Address,100,100,True,2022-10-05 16:18:27,R_2doUMcPd5iblCiu,NA,NA,NA,NA,qr,EN,Yes,17,25,70,No,0,0,Vegetarian,Junior,Female,Prefer not to answer,NA
2022-10-05 16:22:15,2022-10-05 16:23:22,IP Address,100,67,True,2022-10-05 16:23:22,R_3h9dGQOCv08QCcE,NA,NA,NA,NA,anonymous,EN,Yes,100,30,72,No,8-14,0,Flexitarian,Sophomore,Female,Asian or Pacific Islander,NA
2022-10-05 16:26:38,2022-10-05 16:27:49,IP Address,100,70,True,2022-10-05 16:27:49,R_2CspTehosDM0LLH,NA,NA,NA,NA,anonymous,EN,Yes,69,10,84,Yes,15-21,1-7,Meat,Sophomore,Female,Asian or Pacific Islander,NA
2022-10-05 15:44:50,2022-10-05 15:44:55,IP Address,7,4,False,2022-10-05 16:44:57,R_247thnz3jxyA90c,NA,NA,NA,NA,anonymous,EN,NA,NA,NA,NA,NA,NA,NA,NA,NA,NA,NA,NA
2022-10-05 16:51:24,2022-10-05 16:52:26,IP Address,100,61,True,2022-10-05 16:52:27,R_QlvPeZ5SfAyboBz,NA,NA,NA,NA,qr,EN,Yes,81,64,81,Yes,8-14,1-7,Meat,Sophomore,Male,Asian or Pacific Islander,NA
2022-10-05 16:55:03,2022-10-05 16:57:11,IP Address,100,128,True,2022-10-05 16:57:11,R_XGmNEMIUWbfInTz,NA,NA,NA,NA,qr,EN,Yes,66,36,62,No,1-7,1-7,Flexitarian,Freshman,Female,Asian or Pacific Islander,NA
2022-10-05 16:18:41,2022-10-05 16:19:05,IP Address,7,24,False,2022-10-05 17:19:06,R_5ABkY5P6Dy6012x,NA,NA,NA,NA,qr,EN,NA,NA,NA,NA,NA,NA,NA,NA,NA,NA,NA,NA
2022-10-05 16:22:17,2022-10-05 16:22:39,IP Address,7,22,False,2022-10-05 17:22:41,R_1JEkWxHgBAbeKn6,NA,NA,NA,NA,qr,EN,NA,NA,NA,NA,NA,NA,NA,NA,NA,NA,NA,NA
2022-10-05 18:54:43,2022-10-05 18:57:50,IP Address,7,187,False,2022-10-05 19:57:55,R_tFeWJ8oKxtsvtjb,NA,NA,NA,NA,qr,EN,NA,NA,NA,NA,NA,NA,NA,NA,NA,NA,NA,NA
2022-10-05 20:07:44,2022-10-05 20:09:42,IP Address,100,117,True,2022-10-05 20:09:42,R_10HlyQcJYH0kyT7,NA,NA,NA,NA,qr,EN,Yes,93,0,100,Yes,8-14,1-7,Meat,Sophomore,Female,Hispanic or Latino,NA
2022-10-05 20:17:25,2022-10-05 20:18:04,IP Address,100,39,True,2022-10-05 20:18:05,R_C2iNThtwblokBwJ,NA,NA,NA,NA,qr,EN,Yes,99,72,68,No,0,0,Vegetarian,Junior,Female,"Asian or Pacific Islander,White or Caucasian",NA
2022-10-05 20:18:09,2022-10-05 20:18:53,IP Address,100,43,True,2022-10-05 20:18:54,R_30lequjW3sIlk5v,NA,NA,NA,NA,qr,EN,Yes,60,36,73,No,1-7,0,Flexitarian,Senior,Male,White or Caucasian,NA
2022-10-05 21:10:17,2022-10-05 21:11:37,IP Address,100,79,True,2022-10-05 21:11:38,R_1K1PoJRJpHJ99m9,NA,NA,NA,NA,qr,EN,Yes,86,3,92,Yes,8-14,1-7,Meat,Graduate student,Male,Hispanic or Latino,NA
2022-10-05 20:13:54,2022-10-05 20:15:00,IP Address,7,66,False,2022-10-05 21:15:00,R_3luHIEvmg6I1a07,NA,NA,NA,NA,qr,EN,NA,NA,NA,NA,NA,NA,NA,NA,NA,NA,NA,NA
2022-10-05 21:14:23,2022-10-05 21:16:08,IP Address,100,105,True,2022-10-05 21:16:08,R_3LhhDjTv3T89n6O,NA,NA,NA,NA,qr,EN,Yes,82,0,100,Yes,8-14,0,Meat,Freshman,Female,Hispanic or Latino,NA
2022-10-05 21:16:36,2022-10-05 21:17:54,IP Address,100,78,True,2022-10-05 21:17:54,R_2yrclfV0encYzSU,NA,NA,NA,NA,qr,EN,Yes,100,0,100,Yes,1-7,0,Flexitarian,Freshman,Female,Hispanic or Latino,NA
2022-10-05 21:41:27,2022-10-05 21:42:15,IP Address,100,48,True,2022-10-05 21:42:16,R_242DRTgu8vw42fG,NA,NA,NA,NA,qr,EN,Yes,84,18,100,Yes,8-14,1-7,Meat,Freshman,Female,Asian or Pacific Islander,NA
2022-10-05 22:55:55,2022-10-05 22:57:50,IP Address,100,114,True,2022-10-05 22:57:51,R_2qqFnyEMV3JM60N,NA,NA,NA,NA,qr,EN,Yes,70,0,90,Yes,8-14,1-7,Flexitarian,Sophomore,Female,White or Caucasian,NA
2022-10-06 13:12:25,2022-10-06 13:27:09,IP Address,100,883,True,2022-10-06 13:27:09,R_2E14Jx07F1AQ3Iy,NA,NA,NA,NA,qr,EN,Yes,100,11,83,No,0,1-7,Pescatarian,Other,Male,White or Caucasian,The quality and flavor at Cardinal sage has been exceptional!
2022-10-06 14:04:43,2022-10-06 14:05:45,IP Address,100,62,True,2022-10-06 14:05:46,R_T6i3NZbWuBgGChX,NA,NA,NA,NA,qr,EN,Yes,100,20,82,Yes,1-7,1-7,Flexitarian,Sophomore,Female,White or Caucasian,NA
2022-10-06 14:07:26,2022-10-06 14:08:39,IP Address,100,72,True,2022-10-06 14:08:39,R_3hhWTIAoXmRVypW,NA,NA,NA,NA,qr,EN,Yes,87,4,100,Yes,8-14,1-7,Flexitarian,Freshman,Female,White or Caucasian,NA
2022-10-06 14:10:58,2022-10-06 14:12:23,IP Address,100,85,True,2022-10-06 14:12:23,R_pyekJE2pqQ8W45b,NA,NA,NA,NA,qr,EN,Yes,100,0,99,Yes,15-21,1-7,Flexitarian,Graduate student,Male,Asian or Pacific Islander,NA
2022-10-06 14:11:04,2022-10-06 14:13:23,IP Address,100,139,True,2022-10-06 14:13:24,R_pRV6rFEZlB58AYV,NA,NA,NA,NA,qr,EN,Yes,89,0,100,Yes,1-7,1-7,Meat,Graduate student,Male,A race/ethnicity not listed here,NA
2022-10-06 14:08:47,2022-10-06 14:16:49,IP Address,100,481,True,2022-10-06 14:16:49,R_1NrVprMa1QjxSmI,NA,NA,NA,NA,qr,EN,Yes,95,49,92,Yes,8-14,1-7,Meat,Junior,Male,"Hispanic or Latino,White or Caucasian",NA
2022-10-06 14:21:45,2022-10-06 14:23:05,IP Address,100,79,True,2022-10-06 14:23:05,R_3ehsTW68lgW0IJs,NA,NA,NA,NA,anonymous,EN,Yes,86,33,57,Yes,8-14,0,Meat,Junior,Male,White or Caucasian,NA
2022-10-06 14:29:13,2022-10-06 14:34:43,IP Address,100,329,True,2022-10-06 14:34:43,R_2QSecCCXAOiT36V,NA,NA,NA,NA,anonymous,EN,Yes,21,19,78,Yes,15-21,1-7,Meat,Sophomore,Male,White or Caucasian,NA
2022-10-06 14:58:26,2022-10-06 15:04:39,IP Address,100,373,True,2022-10-06 15:04:40,R_3HY4MhTSEDuFRfi,NA,NA,NA,NA,qr,EN,Yes,87,5,97,Yes,8-14,8-14,Meat,Freshman,Male,Asian or Pacific Islander,NA
2022-10-06 15:05:10,2022-10-06 15:11:30,IP Address,100,379,True,2022-10-06 15:11:30,R_20OlgVB2HvMsrkR,NA,NA,NA,NA,qr,EN,Yes,100,0,80,No,1-7,0,Flexitarian,Sophomore,Female,"Hispanic or Latino,White or Caucasian",N/A
2022-10-06 15:20:14,2022-10-06 15:21:14,IP Address,100,59,True,2022-10-06 15:21:15,R_2b4eqmeQFhhEnOO,NA,NA,NA,NA,qr,EN,Yes,99,34,79,No,8-14,1-7,Flexitarian,Freshman,Female,Hispanic or Latino,NA
2022-10-06 15:21:17,2022-10-06 15:22:08,IP Address,100,50,True,2022-10-06 15:22:08,R_r7oSPj96qy7pwFH,NA,NA,NA,NA,qr,EN,Yes,100,73,75,No,0,1-7,Flexitarian,Sophomore,Female,Asian or Pacific Islander,NA
2022-10-06 15:29:09,2022-10-06 15:29:50,IP Address,100,41,True,2022-10-06 15:29:50,R_yOyuZE1zpwTbsSB,NA,NA,NA,NA,qr,EN,Yes,100,0,100,Yes,1-7,0,Flexitarian,Freshman,Female,Hispanic or Latino,NA
2022-10-06 15:30:15,2022-10-06 15:31:24,IP Address,100,69,True,2022-10-06 15:31:25,R_1kIDLHqa0Lne3jT,NA,NA,NA,NA,anonymous,EN,Yes,37,62,60,Yes,1-7,0,Flexitarian,Sophomore,Female,Asian or Pacific Islander,when do we get our $5?
2022-10-06 15:32:50,2022-10-06 15:35:48,IP Address,100,177,True,2022-10-06 15:35:49,R_3rUIQ3OEU41paAs,NA,NA,NA,NA,qr,EN,Yes,87,19,89,No,1-7,0,Flexitarian,Freshman,Male,Asian or Pacific Islander,"It was great, but I would prefer spicier salsa"
2022-10-06 15:08:44,2022-10-06 15:38:32,IP Address,100,1788,True,2022-10-06 15:38:32,R_2EysgjsC8hYZWwy,NA,NA,NA,NA,anonymous,EN,Yes,86,27,69,Yes,8-14,1-7,Meat,Freshman,Male,Asian or Pacific Islander,NA
2022-10-06 15:41:36,2022-10-06 15:42:52,IP Address,100,76,True,2022-10-06 15:42:53,R_XnRH81fnokiG1DX,NA,NA,NA,NA,qr,EN,Yes,71,8,61,Yes,1-7,1-7,Meat,Freshman,Female,Asian or Pacific Islander,NA
2022-10-06 15:41:50,2022-10-06 15:43:05,IP Address,100,75,True,2022-10-06 15:43:05,R_2B98aWnUMoEeIGX,NA,NA,NA,NA,qr,EN,Yes,93,0,100,Yes,8-14,0,Meat,Freshman,Female,Asian or Pacific Islander,NA
2022-10-06 15:41:40,2022-10-06 15:43:16,IP Address,100,96,True,2022-10-06 15:43:17,R_1F50RK9HMGU1snH,NA,NA,NA,NA,qr,EN,Yes,97,6,96,Yes,8-14,1-7,Meat,Freshman,Female,Asian or Pacific Islander,The burrito bowls are so good
2022-10-06 15:44:35,2022-10-06 15:45:54,IP Address,100,79,True,2022-10-06 15:45:54,R_2s1g32S9jF15QYG,NA,NA,NA,NA,qr,EN,Yes,82,7,87,Yes,1-7,0,Meat,Junior,Male,Asian or Pacific Islander,NA
2022-10-06 15:46:25,2022-10-06 15:47:16,IP Address,100,51,True,2022-10-06 15:47:17,R_1jMNl5Gek87T0A9,NA,NA,NA,NA,qr,EN,Yes,100,40,60,No,1-7,0,Flexitarian,Junior,Female,White or Caucasian,NA
2022-10-06 15:54:11,2022-10-06 15:55:03,IP Address,100,52,True,2022-10-06 15:55:04,R_2B4gC4Zl35lX2kC,NA,NA,NA,NA,qr,EN,Yes,100,9,94,Yes,1-7,1-7,Meat,Junior,Female,Asian or Pacific Islander,NA
2022-10-06 15:55:43,2022-10-06 15:56:58,IP Address,100,74,True,2022-10-06 15:56:59,R_3h5XB0vOnx2EWHY,NA,NA,NA,NA,qr,EN,Yes,85,0,100,No,0,0,Vegetarian,Freshman,Female,Asian or Pacific Islander,Also loved the Indian food! Would love it more often!
2022-10-06 16:00:29,2022-10-06 16:00:54,IP Address,100,24,True,2022-10-06 16:00:54,R_2s71JdhNOwjT9Yj,NA,NA,NA,NA,qr,EN,Yes,66,30,70,Yes,8-14,1-7,Meat,Junior,Female,"Asian or Pacific Islander,White or Caucasian",NA
2022-10-06 15:24:57,2022-10-06 16:03:11,IP Address,100,2294,True,2022-10-06 16:03:11,R_1li4Z4LENYfburE,NA,NA,NA,NA,qr,EN,Yes,82,0,80,No,0,1-7,Pescatarian,Graduate student,Male,White or Caucasian,NA
2022-10-06 16:04:33,2022-10-06 16:06:00,IP Address,100,86,True,2022-10-06 16:06:00,R_3pIIFqMhokZqMYV,NA,NA,NA,NA,qr,EN,Yes,100,7,94,Yes,1-7,1-7,Meat,Junior,Male,White or Caucasian,NA
2022-10-06 15:04:11,2022-10-06 15:05:57,IP Address,7,105,False,2022-10-06 16:06:01,R_2eVf8A4FxCyeCSC,NA,NA,NA,NA,anonymous,EN,NA,NA,NA,NA,NA,NA,NA,NA,NA,NA,NA,NA
2022-10-06 16:06:21,2022-10-06 16:07:30,IP Address,100,69,True,2022-10-06 16:07:31,R_2UeVYUzYSPOS2IN,NA,NA,NA,NA,qr,EN,Yes,81,7,100,Yes,1-7,1-7,Flexitarian,Graduate student,Male,"Black or African American,White or Caucasian",NA
2022-10-06 16:06:03,2022-10-06 16:08:44,IP Address,100,160,True,2022-10-06 16:08:44,R_2WOId4QbpRLMjzz,NA,NA,NA,NA,qr,EN,Yes,93,18,83,No,0,1-7,Pescatarian,Junior,Female,"Hispanic or Latino,White or Caucasian",NA
2022-10-06 16:07:34,2022-10-06 16:09:20,IP Address,100,106,True,2022-10-06 16:09:20,R_3CPLT1LkJ5IhcII,NA,NA,NA,NA,qr,EN,Yes,100,0,100,Yes,8-14,1-7,Meat,Sophomore,Female,Hispanic or Latino,NA
2022-10-06 16:15:52,2022-10-06 16:17:18,IP Address,100,86,True,2022-10-06 16:17:18,R_54HJPKfigyvnfX3,NA,NA,NA,NA,qr,EN,Yes,71,76,74,Yes,1-7,1-7,Meat,Graduate student,Male,White or Caucasian,NA
2022-10-06 16:10:49,2022-10-06 16:27:06,IP Address,100,977,True,2022-10-06 16:27:07,R_1mUUy0x2EkBs0XL,NA,NA,NA,NA,qr,EN,Yes,82,9,81,Yes,8-14,1-7,Meat,Junior,Male,Hispanic or Latino,NA
2022-10-06 16:45:54,2022-10-06 16:47:21,IP Address,100,87,True,2022-10-06 16:47:22,R_2pYr5WUZMY1RgdU,NA,NA,NA,NA,qr,EN,Yes,100,53,53,No,0,1-7,Flexitarian,Graduate student,Female,White or Caucasian,Staff were very nice and serving sizes were perfect!
2022-10-06 15:58:37,2022-10-06 15:58:44,IP Address,7,7,False,2022-10-06 16:58:49,R_31mj8P24MlUjA44,NA,NA,NA,NA,qr,EN,NA,NA,NA,NA,NA,NA,NA,NA,NA,NA,NA,NA
2022-10-06 15:58:39,2022-10-06 15:58:57,IP Address,7,18,False,2022-10-06 16:59:00,R_1oaKaZLaXpyjZyG,NA,NA,NA,NA,qr,EN,NA,NA,NA,NA,NA,NA,NA,NA,NA,NA,NA,NA
2022-10-06 15:03:31,2022-10-06 17:59:46,IP Address,100,10574,True,2022-10-06 17:59:46,R_RE0VRPurrT7HSWB,NA,NA,NA,NA,qr,EN,Yes,88,40,68,Yes,8-14,1-7,Meat,Freshman,Male,"Asian or Pacific Islander,White or Caucasian",NA
2022-10-06 20:15:50,2022-10-06 20:23:20,IP Address,100,449,True,2022-10-06 20:23:21,R_2SGZqRPIBcCYpjH,NA,NA,NA,NA,qr,EN,Yes,100,100,92,No,8-14,1-7,Meat,Junior,Female,Hispanic or Latino,NA
2022-10-06 20:27:28,2022-10-06 20:28:07,IP Address,100,38,True,2022-10-06 20:28:07,R_2dzqPYxG5IIKXA7,NA,NA,NA,NA,qr,EN,Yes,100,0,100,Yes,8-14,0,Meat,Sophomore,Female,Hispanic or Latino,NA
2022-10-06 20:50:49,2022-10-06 20:51:00,IP Address,7,11,False,2022-10-06 21:08:53,R_3k5HNPJtsvhgfhg,NA,NA,NA,NA,qr,EN,NA,NA,NA,NA,NA,NA,NA,NA,NA,NA,NA,NA
2022-10-09 14:48:03,2022-10-09 14:48:58,IP Address,100,55,True,2022-10-09 14:48:59,R_1Qmg4wxKoIhUyNX,NA,NA,NA,NA,qr,EN,Yes,100,8,84,No,0,0,Vegetarian,Freshman,Male,Asian or Pacific Islander,NA
2022-10-09 14:52:09,2022-10-09 14:54:12,IP Address,100,123,True,2022-10-09 14:54:13,R_32Xep3qAUTCuoic,NA,NA,NA,NA,anonymous,EN,Yes,89,0,85,Yes,1-7,1-7,Meat,Senior,Male,Hispanic or Latino,NA
2022-10-09 14:58:44,2022-10-09 15:00:24,IP Address,100,100,True,2022-10-09 15:00:25,R_2CQDIps6jHj8cDA,NA,NA,NA,NA,anonymous,EN,Yes,93,5,100,Yes,1-7,0,Meat,Senior,Female,Hispanic or Latino,NA
2022-10-09 15:30:14,2022-10-09 15:31:17,IP Address,100,63,True,2022-10-09 15:31:18,R_3CZM8ES0UGGLdtC,NA,NA,NA,NA,qr,EN,No,83,80,79,No,1-7,0,Flexitarian,Sophomore,Female,Asian or Pacific Islander,No
2022-10-09 14:54:32,2022-10-09 14:55:13,IP Address,7,41,False,2022-10-09 15:55:15,R_3dN9vb1Bfy7Dcls,NA,NA,NA,NA,anonymous,EN,NA,NA,NA,NA,NA,NA,NA,NA,NA,NA,NA,NA
2022-10-09 16:13:35,2022-10-09 16:14:32,IP Address,100,57,True,2022-10-09 16:14:33,R_2CgrQXAmnGgAOlH,NA,NA,NA,NA,qr,EN,Yes,80,30,85,No,0,0,Vegetarian,Sophomore,Male,A race/ethnicity not listed here,NA
2022-10-09 15:20:50,2022-10-09 15:20:54,IP Address,7,3,False,2022-10-09 16:20:56,R_1i2RLjF5Dpvf0iG,NA,NA,NA,NA,anonymous,EN,NA,NA,NA,NA,NA,NA,NA,NA,NA,NA,NA,NA
2022-10-09 16:34:22,2022-10-09 16:35:55,IP Address,100,92,True,2022-10-09 16:35:55,R_1ib9f44AzLTjYgi,NA,NA,NA,NA,qr,EN,Yes,100,11,100,Yes,8-14,0,Meat,Junior,Female,Hispanic or Latino,NA
2022-10-09 18:56:06,2022-10-09 18:57:03,IP Address,100,57,True,2022-10-09 18:57:03,R_3emAqQlprZUjK1B,NA,NA,NA,NA,qr,EN,Yes,75,17,94,Yes,22+,22+,Meat,Junior,Male,White or Caucasian,NA
2022-10-09 18:59:46,2022-10-09 19:00:31,IP Address,100,45,True,2022-10-09 19:00:31,R_2UaP5SnDcvvr0vm,NA,NA,NA,NA,qr,EN,Yes,76,80,14,Yes,22+,22+,Meat,Junior,Male,White or Caucasian,NA
2022-10-09 20:07:05,2022-10-09 20:09:06,IP Address,100,120,True,2022-10-09 20:09:06,R_Q9Au2zJ0kbvldCN,NA,NA,NA,NA,qr,EN,Yes,100,20,85,Yes,1-7,1-7,Meat,Sophomore,Male,White or Caucasian,NA
2022-10-10 03:26:24,2022-10-10 03:29:38,IP Address,100,194,True,2022-10-10 03:29:39,R_3JaWj6gC5nZujDF,NA,NA,NA,NA,qr,EN,Yes,61,16,78,No,1-7,1-7,Flexitarian,Sophomore,Female,Hispanic or Latino,NA
2022-10-10 11:06:25,2022-10-10 11:07:50,IP Address,100,85,True,2022-10-10 11:07:51,R_2axmMRyXsR9EWq5,NA,NA,NA,NA,qr,EN,Yes,82,3,84,No,0,1-7,Pescatarian,Freshman,Female,Hispanic or Latino,NA
2022-10-10 11:28:20,2022-10-10 11:28:31,IP Address,7,10,False,2022-10-10 12:28:39,R_29st4bKXLC0WEtz,NA,NA,NA,NA,qr,EN,NA,NA,NA,NA,NA,NA,NA,NA,NA,NA,NA,NA
2022-10-10 14:01:29,2022-10-10 14:02:12,IP Address,100,43,True,2022-10-10 14:02:12,R_1rHMe7Qm0M80HGx,NA,NA,NA,NA,qr,EN,Yes,73,0,100,Yes,8-14,1-7,Meat,Sophomore,Male,Asian or Pacific Islander,NA
2022-10-10 14:09:42,2022-10-10 14:10:33,IP Address,100,51,True,2022-10-10 14:10:34,R_2VamWfL7mPjcwhg,NA,NA,NA,NA,qr,EN,Yes,61,6,92,No,0,0,Vegan,Sophomore,Female,White or Caucasian,NA
2022-10-10 14:10:30,2022-10-10 14:11:57,IP Address,100,86,True,2022-10-10 14:11:57,R_3DwnKSdNPiYnDSA,NA,NA,NA,NA,qr,EN,Yes,91,10,87,Yes,8-14,1-7,Meat,Junior,Female,White or Caucasian,NA
2022-10-10 14:40:24,2022-10-10 14:41:19,IP Address,100,54,True,2022-10-10 14:41:20,R_1CqFdRLeGolFe04,NA,NA,NA,NA,qr,EN,Yes,83,0,82,Yes,8-14,1-7,Meat,Sophomore,Female,Asian or Pacific Islander,NA
2022-10-10 14:45:20,2022-10-10 14:50:55,IP Address,100,334,True,2022-10-10 14:50:55,R_RQrREwYqtvwyEU1,NA,NA,NA,NA,qr,EN,Yes,83,75,94,Yes,1-7,0,Meat,Freshman,Female,Prefer not to answer,NA
2022-10-10 14:58:06,2022-10-10 14:59:42,IP Address,100,96,True,2022-10-10 14:59:42,R_OqzHaqxl4YHq5iN,NA,NA,NA,NA,qr,EN,Yes,59,37,69,No,0,0,Vegetarian,Sophomore,Male,Hispanic or Latino,NA
2022-10-10 14:59:10,2022-10-10 14:59:51,IP Address,100,41,True,2022-10-10 14:59:52,R_1Ovmx2tJgUGnmGq,NA,NA,NA,NA,qr,EN,Yes,99,22,60,Yes,8-14,1-7,Meat,Sophomore,Male,White or Caucasian,NA
2022-10-10 14:59:34,2022-10-10 15:00:26,IP Address,100,51,True,2022-10-10 15:00:27,R_2aUzLv3hqyqGNns,NA,NA,NA,NA,qr,EN,Yes,100,96,79,Yes,1-7,0,Meat,Sophomore,Female,Hispanic or Latino,NA
2022-10-10 14:59:29,2022-10-10 15:00:57,IP Address,100,88,True,2022-10-10 15:00:58,R_3mkj8BKfC5qGF1W,NA,NA,NA,NA,qr,EN,Yes,83,70,86,Yes,1-7,0,Meat,Sophomore,Female,Hispanic or Latino,NA
2022-10-10 14:59:33,2022-10-10 15:02:46,IP Address,100,192,True,2022-10-10 15:02:46,R_2rAbmoFVNPiHOu3,NA,NA,NA,NA,qr,EN,Yes,92,100,74,Yes,8-14,0,Meat,Sophomore,Female,Hispanic or Latino,N/a
2022-10-10 15:11:25,2022-10-10 15:12:00,IP Address,100,35,True,2022-10-10 15:12:00,R_3J3nKJZJLQD1cMe,NA,NA,NA,NA,qr,EN,Yes,86,76,91,Yes,1-7,0,Meat,Freshman,Female,Prefer not to answer,NA
2022-10-10 15:17:38,2022-10-10 15:18:35,IP Address,100,57,True,2022-10-10 15:18:36,R_3hmOLKBAXzEp2yl,NA,NA,NA,NA,anonymous,EN,Yes,21,78,27,Yes,1-7,0,Flexitarian,Sophomore,Female,Asian or Pacific Islander,The food was not as good today
2022-10-10 15:18:59,2022-10-10 15:19:49,IP Address,100,50,True,2022-10-10 15:19:49,R_2EoeySxA7y736GA,NA,NA,NA,NA,qr,EN,Yes,70,0,65,Yes,8-14,1-7,Meat,Freshman,Female,Prefer not to answer,NA
2022-10-10 15:17:52,2022-10-10 15:20:30,IP Address,100,157,True,2022-10-10 15:20:30,R_1dAmonRMAuWNP82,NA,NA,NA,NA,qr,EN,Yes,90,24,94,Yes,8-14,1-7,Meat,Freshman,Male,"Hispanic or Latino,White or Caucasian",I love Cardinal Sage!!!
2022-10-10 15:19:14,2022-10-10 15:20:37,IP Address,100,82,True,2022-10-10 15:20:37,R_3lFDf3stHs4ES4H,NA,NA,NA,NA,qr,EN,Yes,83,0,94,Yes,1-7,1-7,Meat,Freshman,Male,Asian or Pacific Islander,NA
2022-10-10 15:19:05,2022-10-10 15:20:55,IP Address,100,109,True,2022-10-10 15:20:55,R_R3usuW2usxllKKt,NA,NA,NA,NA,qr,EN,Yes,80,37,85,Yes,1-7,1-7,Flexitarian,Freshman,Female,"Asian or Pacific Islander,White or Caucasian",NA
2022-10-10 15:21:18,2022-10-10 15:22:09,IP Address,100,51,True,2022-10-10 15:22:09,R_2xKqfS5gK8Nh8HW,NA,NA,NA,NA,anonymous,EN,Yes,100,100,100,Yes,8-14,1-7,Meat,Freshman,Male,Asian or Pacific Islander,NA
2022-10-10 15:36:08,2022-10-10 15:46:32,IP Address,100,623,True,2022-10-10 15:46:33,R_2y95Ld0PZHDb38u,NA,NA,NA,NA,qr,EN,Yes,100,17,100,Yes,1-7,1-7,Meat,Graduate student,Male,A race/ethnicity not listed here,NA
2022-10-10 15:46:52,2022-10-10 15:47:18,IP Address,100,25,True,2022-10-10 15:47:19,R_eqXJmUgsVXI5mb7,NA,NA,NA,NA,qr,EN,No,69,30,71,Yes,8-14,1-7,Meat,Junior,Female,"Asian or Pacific Islander,White or Caucasian",NA
2022-10-10 15:50:54,2022-10-10 15:52:01,IP Address,100,67,True,2022-10-10 15:52:01,R_z20fM9Yh09bJbfb,NA,NA,NA,NA,qr,EN,Yes,81,66,90,Yes,8-14,8-14,Meat,Freshman,Male,Hispanic or Latino,NA
2022-10-10 16:02:28,2022-10-10 16:03:46,IP Address,100,78,True,2022-10-10 16:03:48,R_1kNCzTX5oXpcnTV,NA,NA,NA,NA,qr,EN,Yes,85,12,100,No,0,0,Vegetarian,Junior,Female,Asian or Pacific Islander,NA
2022-10-10 16:05:38,2022-10-10 16:06:14,IP Address,100,35,True,2022-10-10 16:06:15,R_1I5ytSD5vlchvRu,NA,NA,NA,NA,qr,EN,Yes,77,3,91,Yes,1-7,1-7,Meat,Junior,Male,Asian or Pacific Islander,NA
2022-10-10 16:05:29,2022-10-10 16:06:17,IP Address,100,47,True,2022-10-10 16:06:17,R_1MWoP4RzeHZCJ4X,NA,NA,NA,NA,qr,EN,Yes,82,1,82,Yes,15-21,1-7,Meat,Junior,Male,Black or African American,NA
2022-10-10 16:13:11,2022-10-10 16:15:01,IP Address,100,109,True,2022-10-10 16:15:02,R_1n2bhE4ac000hfM,NA,NA,NA,NA,qr,EN,Yes,81,10,86,No,1-7,1-7,Flexitarian,Senior,Female,White or Caucasian,NA
2022-10-10 15:20:35,2022-10-10 15:20:56,IP Address,7,21,False,2022-10-10 16:20:59,R_2uDlJmz61QsG28E,NA,NA,NA,NA,anonymous,EN,NA,NA,NA,NA,NA,NA,NA,NA,NA,NA,NA,NA
2022-10-10 15:21:14,2022-10-10 15:21:19,IP Address,7,5,False,2022-10-10 16:21:22,R_u3Pm0TAqSAttHNf,NA,NA,NA,NA,qr,EN,NA,NA,NA,NA,NA,NA,NA,NA,NA,NA,NA,NA
2022-10-10 16:24:31,2022-10-10 16:27:36,IP Address,100,185,True,2022-10-10 16:27:36,R_2XbUS96Ad9U9Xtv,NA,NA,NA,NA,qr,EN,Yes,84,13,86,Yes,8-14,1-7,Meat,Senior,Female,"Black or African American,White or Caucasian",NA
2022-10-10 16:29:01,2022-10-10 16:30:15,IP Address,100,73,True,2022-10-10 16:30:15,R_3O30B0cFJV5kzSK,NA,NA,NA,NA,qr,EN,Yes,100,8,60,Yes,1-7,0,Meat,Junior,Female,Asian or Pacific Islander,NA
2022-10-10 16:02:30,2022-10-10 16:02:46,IP Address,7,15,False,2022-10-10 17:02:50,R_273wHNlY2kzA92Z,NA,NA,NA,NA,qr,EN,NA,NA,NA,NA,NA,NA,NA,NA,NA,NA,NA,NA
2022-10-10 17:05:05,2022-10-10 17:07:09,IP Address,100,124,True,2022-10-10 17:07:10,R_2aKVggtSlxujIkT,NA,NA,NA,NA,qr,EN,Yes,59,31,70,Yes,15-21,1-7,Meat,Sophomore,Male,Asian or Pacific Islander,NA
2022-10-10 20:24:43,2022-10-10 20:26:08,IP Address,100,85,True,2022-10-10 20:26:08,R_Zlekm8AZDC3n2XT,NA,NA,NA,NA,anonymous,EN,Yes,100,5,95,Yes,15-21,1-7,Meat,Freshman,Female,Hispanic or Latino,NA
2022-10-10 22:28:48,2022-10-10 22:29:32,IP Address,100,43,True,2022-10-10 22:29:32,R_2e9WuxV8UsnAw2p,NA,NA,NA,NA,qr,EN,Yes,100,1,100,Yes,8-14,0,Meat,Sophomore,Female,Hispanic or Latino,NA
2022-10-11 14:00:14,2022-10-11 14:02:09,IP Address,100,115,True,2022-10-11 14:02:10,R_2fuFp9SGKDwJ5ze,NA,NA,NA,NA,qr,EN,Yes,72,18,79,Yes,8-14,1-7,Meat,Freshman,Male,Asian or Pacific Islander,NA
2022-10-11 14:12:26,2022-10-11 14:14:23,IP Address,100,117,True,2022-10-11 14:14:24,R_29hNL9sIyn1EtAn,NA,NA,NA,NA,qr,EN,Yes,100,20,69,Yes,1-7,1-7,Meat,Sophomore,Male,White or Caucasian,NA
2022-10-11 14:21:53,2022-10-11 14:23:34,IP Address,100,100,True,2022-10-11 14:23:34,R_32Xh6NLIezuTITe,NA,NA,NA,NA,anonymous,EN,Yes,91,0,81,No,0,0,Vegetarian,Sophomore,Female,Asian or Pacific Islander,NA
2022-10-11 14:30:25,2022-10-11 14:32:57,IP Address,100,151,True,2022-10-11 14:32:57,R_PYQ1qN0AfDy4IF3,NA,NA,NA,NA,qr,EN,Yes,100,17,92,Yes,8-14,1-7,Flexitarian,Other,Male,White or Caucasian,NA
2022-10-11 14:33:56,2022-10-11 14:35:35,IP Address,100,99,True,2022-10-11 14:35:35,R_12EfQTW3x4lbacN,NA,NA,NA,NA,qr,EN,Yes,86,0,100,Yes,8-14,1-7,Meat,Junior,Female,Hispanic or Latino,NA
2022-10-11 14:35:32,2022-10-11 14:36:33,IP Address,100,61,True,2022-10-11 14:36:33,R_PXtzdhRnYetKV21,NA,NA,NA,NA,qr,EN,Yes,100,15,86,No,1-7,1-7,Flexitarian,Junior,Non-binary,Hispanic or Latino,NA
2022-10-11 14:36:37,2022-10-11 14:38:38,IP Address,100,120,True,2022-10-11 14:38:38,R_szXTYFUaU4Cb0Fb,NA,NA,NA,NA,qr,EN,Yes,78,80,77,No,1-7,0,Flexitarian,Sophomore,Female,Hispanic or Latino,NA
2022-10-11 14:50:52,2022-10-11 14:51:51,IP Address,100,58,True,2022-10-11 14:51:52,R_2P1BEcG2IISOdvg,NA,NA,NA,NA,qr,EN,Yes,100,0,69,No,1-7,0,Flexitarian,Junior,Male,White or Caucasian,NA
2022-10-11 15:04:54,2022-10-11 15:06:02,IP Address,100,67,True,2022-10-11 15:06:02,R_2Y32BFYLTrVsGIl,NA,NA,NA,NA,qr,EN,Yes,84,27,77,Yes,1-7,1-7,Flexitarian,Freshman,Female,Asian or Pacific Islander,NA
2022-10-11 15:04:52,2022-10-11 15:06:10,IP Address,100,78,True,2022-10-11 15:06:10,R_3QGl0ejfA4fm0wu,NA,NA,NA,NA,qr,EN,Yes,81,100,17,Yes,8-14,1-7,Meat,Freshman,Male,"Native American or Alaskan Native,White or Caucasian",NA
2022-10-11 15:04:57,2022-10-11 15:06:44,IP Address,100,106,True,2022-10-11 15:06:44,R_3JK5J0RsyMlRebc,NA,NA,NA,NA,qr,EN,Yes,84,73,88,Yes,8-14,0,Meat,Freshman,Male,White or Caucasian,NA
2022-10-11 15:07:04,2022-10-11 15:08:07,IP Address,100,63,True,2022-10-11 15:08:08,R_1jJrjShJPYwJPea,NA,NA,NA,NA,qr,EN,Yes,100,19,85,Yes,8-14,1-7,Meat,Freshman,Male,Prefer not to answer,NA
2022-10-11 15:07:47,2022-10-11 15:08:36,IP Address,100,49,True,2022-10-11 15:08:36,R_2uF0xfXs3NKYYKg,NA,NA,NA,NA,qr,EN,Yes,75,25,75,Yes,1-7,1-7,Meat,Sophomore,Male,Asian or Pacific Islander,NA
2022-10-11 15:10:22,2022-10-11 15:12:26,IP Address,100,124,True,2022-10-11 15:12:27,R_23UF7f0iov07whJ,NA,NA,NA,NA,qr,EN,Yes,100,0,61,Yes,1-7,0,Meat,Senior,Female,White or Caucasian,NA
2022-10-11 15:13:50,2022-10-11 15:15:35,IP Address,100,104,True,2022-10-11 15:15:35,R_PRja3gs03J18l57,NA,NA,NA,NA,qr,EN,Yes,87,24,92,Yes,1-7,1-7,Flexitarian,Junior,Female,"Hispanic or Latino,White or Caucasian",NA
2022-10-11 15:17:35,2022-10-11 15:19:28,IP Address,100,113,True,2022-10-11 15:19:29,R_2uEr1PWwH3TEqNf,NA,NA,NA,NA,anonymous,EN,Yes,100,0,100,Yes,15-21,0,Meat,Sophomore,Male,Hispanic or Latino,Workers at the Cardinal Sage are amazing!! So sweet and friendly.
2022-10-11 15:18:08,2022-10-11 15:25:03,IP Address,100,415,True,2022-10-11 15:25:03,R_RCVOJkmNFPZb6eJ,NA,NA,NA,NA,qr,EN,Yes,83,6,93,Yes,1-7,1-7,Flexitarian,Freshman,Female,Asian or Pacific Islander,NA
2022-10-11 15:25:58,2022-10-11 15:27:50,IP Address,100,111,True,2022-10-11 15:27:51,R_3PGdScXXgWt8AvI,NA,NA,NA,NA,qr,EN,Yes,92,25,86,Yes,1-7,1-7,Flexitarian,Freshman,Prefer not to answer,Prefer not to answer,NA
2022-10-11 15:35:30,2022-10-11 15:36:38,IP Address,100,67,True,2022-10-11 15:36:38,R_WAtmHWJdtvfs3PH,NA,NA,NA,NA,qr,EN,Yes,100,17,88,Yes,1-7,1-7,Flexitarian,Junior,Female,Hispanic or Latino,NA
2022-10-11 14:38:50,2022-10-11 14:38:56,IP Address,7,6,False,2022-10-11 15:38:57,R_2DUObdmPNfD1vtr,NA,NA,NA,NA,qr,EN,NA,NA,NA,NA,NA,NA,NA,NA,NA,NA,NA,NA
2022-10-11 15:21:40,2022-10-11 15:40:51,IP Address,100,1151,True,2022-10-11 15:40:51,R_2tbwHKzfgkNk2lS,NA,NA,NA,NA,anonymous,EN,No,39,85,41,Yes,1-7,1-7,Flexitarian,Sophomore,Female,Hispanic or Latino,NA
2022-10-11 15:43:51,2022-10-11 15:44:18,IP Address,100,26,True,2022-10-11 15:44:19,R_1BQ1xk9Ug04ywB5,NA,NA,NA,NA,qr,EN,No,70,35,43,Yes,8-14,8-14,Meat,Junior,Female,"Asian or Pacific Islander,White or Caucasian",NA
2022-10-11 15:49:50,2022-10-11 15:52:45,IP Address,100,175,True,2022-10-11 15:52:46,R_ebn6VhqW6dkNquZ,NA,NA,NA,NA,qr,EN,Yes,100,15,82,Yes,1-7,0,Meat,Freshman,Female,White or Caucasian,Buritto station encompasses great Mexican flavors with the perks of comfort food. I would love to see more salsa options in the future!
2022-10-11 15:53:18,2022-10-11 15:54:25,IP Address,100,67,True,2022-10-11 15:54:26,R_2SwrXf6djCQpfka,NA,NA,NA,NA,qr,EN,Yes,76,35,74,Yes,8-14,0,Meat,Junior,Female,Asian or Pacific Islander,NA
2022-10-11 15:53:42,2022-10-11 15:54:47,IP Address,100,65,True,2022-10-11 15:54:47,R_1hTfm6hfcUYsDxA,NA,NA,NA,NA,qr,EN,Yes,73,70,31,No,1-7,1-7,Meat,Junior,Male,White or Caucasian,Bring passionfruit orange guava to all the dining halls!!!
2022-10-11 16:00:28,2022-10-11 16:01:27,IP Address,100,59,True,2022-10-11 16:01:27,R_PIiH9I9EG9BEdAB,NA,NA,NA,NA,anonymous,EN,Yes,100,40,61,Yes,1-7,0,Flexitarian,Sophomore,Female,Asian or Pacific Islander,when do we get the $5
2022-10-11 16:00:55,2022-10-11 16:01:39,IP Address,100,43,True,2022-10-11 16:01:40,R_21tQpKPf9uSkGNz,NA,NA,NA,NA,qr,EN,Yes,100,15,90,Yes,1-7,8-14,Flexitarian,Freshman,Female,White or Caucasian,NA
2022-10-11 16:01:40,2022-10-11 16:02:43,IP Address,100,63,True,2022-10-11 16:02:44,R_1LM8AOChE0O7K3I,NA,NA,NA,NA,qr,EN,Yes,100,0,100,No,0,0,Vegan,Junior,Female,White or Caucasian,NA
2022-10-11 16:01:56,2022-10-11 16:02:58,IP Address,100,62,True,2022-10-11 16:02:58,R_3iDqJ3WNIEo83fs,NA,NA,NA,NA,qr,EN,Yes,82,6,68,No,1-7,0,Flexitarian,Junior,Female,Hispanic or Latino,NA
2022-10-11 16:13:15,2022-10-11 16:14:06,IP Address,100,50,True,2022-10-11 16:14:06,R_AmU3zvfVR8MUTM5,NA,NA,NA,NA,qr,EN,Yes,80,64,95,Yes,1-7,0,Meat,Freshman,Female,Prefer not to answer,NA
2022-10-11 16:20:41,2022-10-11 16:21:18,IP Address,100,36,True,2022-10-11 16:21:19,R_3LZj659hzZAlax3,NA,NA,NA,NA,qr,EN,Yes,92,11,89,Yes,8-14,1-7,Meat,Sophomore,Female,Asian or Pacific Islander,NA
2022-10-11 16:36:32,2022-10-11 16:37:23,IP Address,100,51,True,2022-10-11 16:37:23,R_1d4PTJnn2DSPei6,NA,NA,NA,NA,qr,EN,Yes,100,0,100,Yes,8-14,0,Meat,Sophomore,Female,Hispanic or Latino,NA
2022-10-11 18:25:43,2022-10-11 18:26:45,IP Address,100,62,True,2022-10-11 18:26:46,R_3QLZKqzD7Nf96rw,NA,NA,NA,NA,qr,EN,Yes,83,29,18,Yes,8-14,0,Meat,Sophomore,Female,Hispanic or Latino,NA
2022-10-12 14:12:36,2022-10-12 14:14:40,IP Address,100,123,True,2022-10-12 14:14:40,R_3PYxU7pjAA85C5O,NA,NA,NA,NA,qr,EN,Yes,100,14,91,Yes,8-14,1-7,Flexitarian,Other,Male,Prefer not to answer,NA
2022-10-12 14:10:41,2022-10-12 14:14:52,IP Address,100,251,True,2022-10-12 14:14:53,R_UApiBTjGCK54aCR,NA,NA,NA,NA,anonymous,EN,Yes,86,61,41,No,0,0,Vegetarian,Freshman,Male,Asian or Pacific Islander,NA
2022-10-12 14:44:45,2022-10-12 14:46:26,IP Address,100,100,True,2022-10-12 14:46:26,R_1dnbiYmqK47waSo,NA,NA,NA,NA,qr,EN,No,79,21,79,Yes,8-14,8-14,Flexitarian,Sophomore,Male,Asian or Pacific Islander,NA
2022-10-12 14:46:37,2022-10-12 14:48:16,IP Address,100,98,True,2022-10-12 14:48:16,R_2pVq0cJhwbG9zSM,NA,NA,NA,NA,qr,EN,Yes,100,100,83,Yes,8-14,8-14,Meat,Senior,Female,Hispanic or Latino,I love all of the SAGE workers :)
2022-10-12 15:07:16,2022-10-12 15:08:49,IP Address,100,92,True,2022-10-12 15:08:50,R_3I3kbg51vmy236v,NA,NA,NA,NA,qr,EN,Yes,84,77,100,Yes,1-7,1-7,Flexitarian,Freshman,Prefer not to answer,Prefer not to answer,NA
2022-10-12 15:12:10,2022-10-12 15:13:21,IP Address,100,71,True,2022-10-12 15:13:22,R_50IhbJaSfJj9DIR,NA,NA,NA,NA,anonymous,EN,Yes,82,8,77,No,1-7,1-7,Flexitarian,Graduate student,Male,White or Caucasian,N/A
2022-10-12 15:30:09,2022-10-12 15:31:10,IP Address,100,61,True,2022-10-12 15:31:11,R_2xKUOyYNS0AgZ7b,NA,NA,NA,NA,qr,EN,Yes,84,39,83,Yes,8-14,1-7,Meat,Freshman,Female,Hispanic or Latino,NA
2022-10-12 15:31:56,2022-10-12 15:33:00,IP Address,100,64,True,2022-10-12 15:33:01,R_1Cdd0fGlCs9EKyo,NA,NA,NA,NA,qr,EN,Yes,93,39,85,Yes,8-14,1-7,Meat,Freshman,Female,Hispanic or Latino,NA
2022-10-12 15:37:09,2022-10-12 15:37:53,IP Address,100,44,True,2022-10-12 15:37:54,R_vYx2SPwoGpi4s2R,NA,NA,NA,NA,qr,EN,No,61,36,66,Yes,8-14,8-14,Meat,Junior,Female,"Asian or Pacific Islander,White or Caucasian",NA
2022-10-12 15:41:36,2022-10-12 15:42:32,IP Address,100,55,True,2022-10-12 15:42:32,R_9YV7As0ediwlw2J,NA,NA,NA,NA,anonymous,EN,Yes,100,0,100,Yes,1-7,0,Meat,Freshman,Female,White or Caucasian,NA
2022-10-12 15:55:50,2022-10-12 15:57:18,IP Address,100,87,True,2022-10-12 15:57:19,R_2VgTicj1rdzZsEe,NA,NA,NA,NA,anonymous,EN,Yes,93,56,47,Yes,1-7,1-7,Flexitarian,Senior,Female,White or Caucasian,NA
2022-10-12 16:00:24,2022-10-12 16:01:06,IP Address,100,41,True,2022-10-12 16:01:06,R_cI1WW4Wqii9aOtP,NA,NA,NA,NA,qr,EN,Yes,67,65,39,Yes,8-14,1-7,Meat,Freshman,Male,Asian or Pacific Islander,NA
2022-10-12 16:04:41,2022-10-12 16:05:14,IP Address,100,32,True,2022-10-12 16:05:15,R_BL09IPkM6OrKx21,NA,NA,NA,NA,anonymous,EN,Yes,90,0,100,Yes,15-21,1-7,Meat,Junior,Female,Hispanic or Latino,NA
2022-10-12 16:04:47,2022-10-12 16:08:23,IP Address,100,216,True,2022-10-12 16:08:23,R_2VezGMW7myM1ypj,NA,NA,NA,NA,qr,EN,No,82,18,82,No,8-14,1-7,Meat,Junior,Male,Hispanic or Latino,NA
2022-10-12 16:16:15,2022-10-12 16:17:10,IP Address,100,54,True,2022-10-12 16:17:10,R_3pfYuWLb6G55Vxa,NA,NA,NA,NA,qr,EN,Yes,85,22,82,Yes,15-21,15-21,Meat,Sophomore,Male,Asian or Pacific Islander,NA
2022-10-12 15:25:12,2022-10-12 15:25:49,IP Address,7,36,False,2022-10-12 16:25:50,R_2fJ6CEnLZsON5JH,NA,NA,NA,NA,anonymous,EN,NA,NA,NA,NA,NA,NA,NA,NA,NA,NA,NA,NA
2022-10-12 16:28:33,2022-10-12 16:28:40,IP Address,7,6,False,2022-10-12 17:28:41,R_yE10fvolgGVJHH3,NA,NA,NA,NA,qr,EN,NA,NA,NA,NA,NA,NA,NA,NA,NA,NA,NA,NA
2022-10-12 18:47:20,2022-10-12 18:47:55,IP Address,100,34,True,2022-10-12 18:47:55,R_29PS8HuuTL0CI4F,NA,NA,NA,NA,qr,EN,Yes,94,1,100,Yes,8-14,0,Meat,Sophomore,Female,Hispanic or Latino,NA
2022-10-12 22:33:54,2022-10-12 22:34:32,IP Address,7,38,False,2022-10-12 23:34:34,R_29psBGb0OQ2txw6,NA,NA,NA,NA,qr,EN,NA,NA,NA,NA,NA,NA,NA,NA,NA,NA,NA,NA
2022-10-13 14:10:51,2022-10-13 14:11:21,IP Address,100,29,True,2022-10-13 14:11:21,R_ePtIvPoCerhF3PP,NA,NA,NA,NA,qr,EN,Yes,96,11,67,Yes,15-21,1-7,Meat,Sophomore,Male,Asian or Pacific Islander,NA
2022-10-13 14:09:37,2022-10-13 14:11:45,IP Address,100,127,True,2022-10-13 14:11:45,R_1JUv2PlQmFhgdzt,NA,NA,NA,NA,qr,EN,Yes,100,8,83,Yes,8-14,1-7,Meat,Junior,Male,"Hispanic or Latino,White or Caucasian",None
2022-10-13 14:36:06,2022-10-13 14:37:23,IP Address,100,76,True,2022-10-13 14:37:24,R_rpfce7Q12TKZuox,NA,NA,NA,NA,qr,EN,Yes,76,0,82,Yes,8-14,1-7,Flexitarian,Sophomore,Female,White or Caucasian,NA
2022-10-13 14:43:54,2022-10-13 14:45:51,IP Address,100,116,True,2022-10-13 14:45:51,R_xcv0XbALdRq0Q81,NA,NA,NA,NA,qr,EN,Yes,95,79,87,Yes,15-21,1-7,Meat,Senior,Male,Prefer not to answer,Fresh lettuce would be great instead of out of a bag
2022-10-13 15:07:07,2022-10-13 15:08:06,IP Address,100,58,True,2022-10-13 15:08:07,R_9trfFUDKSOLzoRP,NA,NA,NA,NA,qr,EN,Yes,93,18,98,Yes,15-21,8-14,Meat,Junior,Male,Asian or Pacific Islander,NA
2022-10-13 15:06:50,2022-10-13 15:11:33,IP Address,100,283,True,2022-10-13 15:11:34,R_2cvWWcm5skw7cXm,NA,NA,NA,NA,qr,EN,Yes,66,30,68,Yes,15-21,15-21,Meat,Sophomore,Male,Asian or Pacific Islander,NA
2022-10-13 15:10:19,2022-10-13 15:13:15,IP Address,100,175,True,2022-10-13 15:13:15,R_115FiGFXjWOvmPb,NA,NA,NA,NA,qr,EN,Yes,81,26,71,Yes,8-14,1-7,Meat,Graduate student,Male,Asian or Pacific Islander,NA
2022-10-13 15:12:01,2022-10-13 15:13:38,IP Address,100,96,True,2022-10-13 15:13:38,R_3k1YqW1ipDzcW72,NA,NA,NA,NA,qr,EN,Yes,61,17,38,Yes,1-7,1-7,Flexitarian,Sophomore,Male,Asian or Pacific Islander,NA
2022-10-13 15:12:43,2022-10-13 15:14:28,IP Address,100,104,True,2022-10-13 15:14:28,R_2wcX2tHumoATBG4,NA,NA,NA,NA,qr,EN,Yes,94,0,93,Yes,8-14,1-7,Meat,Sophomore,Female,Asian or Pacific Islander,NA
2022-10-13 15:23:03,2022-10-13 15:24:51,IP Address,100,107,True,2022-10-13 15:24:52,R_3lud6kfD5dbUCyO,NA,NA,NA,NA,qr,EN,No,66,50,50,Yes,1-7,0,Flexitarian,Sophomore,Male,White or Caucasian,NA
2022-10-13 15:45:59,2022-10-13 15:46:35,IP Address,100,35,True,2022-10-13 15:46:35,R_2uKya3XGUvcKEkd,NA,NA,NA,NA,qr,EN,Yes,67,18,92,Yes,8-14,1-7,Meat,Freshman,Male,Asian or Pacific Islander,NA
2022-10-13 16:24:32,2022-10-13 16:25:00,IP Address,100,27,True,2022-10-13 16:25:01,R_RlUnIJNbj7Qih8Z,NA,NA,NA,NA,qr,EN,No,71,73,41,Yes,8-14,8-14,Meat,Junior,Female,"Asian or Pacific Islander,White or Caucasian",NA
2022-10-13 16:36:04,2022-10-13 16:37:30,IP Address,100,86,True,2022-10-13 16:37:30,R_0jRp8AMAeUC6I0x,NA,NA,NA,NA,qr,EN,Yes,100,0,79,Yes,1-7,1-7,Flexitarian,Sophomore,Male,White or Caucasian,NA
2022-10-13 16:49:19,2022-10-13 16:51:23,IP Address,100,124,True,2022-10-13 16:51:24,R_24pFOqXFvJV9A7d,NA,NA,NA,NA,qr,EN,Yes,83,83,82,Yes,1-7,1-7,Flexitarian,Freshman,Prefer not to answer,Prefer not to answer,NA
2022-10-13 16:51:59,2022-10-13 16:53:31,IP Address,100,91,True,2022-10-13 16:53:31,R_qWqx55ZgQVuq2mR,NA,NA,NA,NA,qr,EN,Yes,100,28,100,Yes,8-14,8-14,Meat,Sophomore,Male,Hispanic or Latino,NA
2022-10-13 16:51:58,2022-10-13 16:53:39,IP Address,100,100,True,2022-10-13 16:53:39,R_231zUoPF76XK6gA,NA,NA,NA,NA,qr,EN,Yes,100,0,100,Yes,1-7,1-7,Meat,Junior,Male,Hispanic or Latino,NA
2022-10-13 16:52:17,2022-10-13 16:53:46,IP Address,100,89,True,2022-10-13 16:53:47,R_3Pe3bmeEL7p9Zoq,NA,NA,NA,NA,qr,EN,Yes,73,15,77,Yes,15-21,0,Meat,Sophomore,Male,Hispanic or Latino,NA
2022-10-13 16:52:03,2022-10-13 17:01:16,IP Address,100,553,True,2022-10-13 17:01:17,R_1IotrmK7PwZylYx,NA,NA,NA,NA,qr,EN,Yes,83,3,80,Yes,8-14,1-7,Meat,Sophomore,Male,Hispanic or Latino,NA
2022-10-13 17:07:54,2022-10-13 17:08:50,IP Address,100,56,True,2022-10-13 17:08:51,R_3RgdvHhbv9H0Do4,NA,NA,NA,NA,qr,EN,Yes,85,73,91,Yes,1-7,0,Meat,Freshman,Female,Prefer not to answer,NA
2022-10-13 21:50:05,2022-10-13 21:54:14,IP Address,100,249,True,2022-10-13 21:54:15,R_pzRyOPdz8NVuRnr,NA,NA,NA,NA,qr,EN,Yes,85,4,97,Yes,1-7,1-7,Flexitarian,Senior,Female,Asian or Pacific Islander,NA
2022-10-14 00:03:07,2022-10-14 00:03:54,IP Address,100,47,True,2022-10-14 00:03:55,R_7OHVSnQdFXPK05H,NA,NA,NA,NA,qr,EN,Yes,100,1,100,Yes,8-14,0,Meat,Sophomore,Female,Hispanic or Latino,NA
2022-10-14 14:18:55,2022-10-14 14:20:07,IP Address,100,72,True,2022-10-14 14:20:08,R_2dY29IxSoYC2eTU,NA,NA,NA,NA,qr,EN,Yes,93,13,100,Yes,8-14,0,Flexitarian,Freshman,Male,Asian or Pacific Islander,NA
2022-10-14 14:38:54,2022-10-14 14:39:34,IP Address,100,39,True,2022-10-14 14:39:35,R_wMmQN9Hc9w8rxW9,NA,NA,NA,NA,qr,EN,Yes,68,30,78,Yes,8-14,1-7,Meat,Freshman,Male,Asian or Pacific Islander,NA
2022-10-14 14:39:07,2022-10-14 14:40:20,IP Address,100,73,True,2022-10-14 14:40:20,R_2rw2VEEMm0qKR5q,NA,NA,NA,NA,qr,EN,Yes,100,0,82,Yes,8-14,0,Meat,Sophomore,Female,"Black or African American,Hispanic or Latino",NA
2022-10-14 14:41:02,2022-10-14 14:41:59,IP Address,100,56,True,2022-10-14 14:41:59,R_1PSkfiZ7EgT8ztm,NA,NA,NA,NA,anonymous,EN,Yes,81,19,74,Yes,1-7,1-7,Flexitarian,Freshman,Female,White or Caucasian,NA
2022-10-14 14:40:57,2022-10-14 14:42:18,IP Address,100,81,True,2022-10-14 14:42:18,R_27JrNtDal6bbUNK,NA,NA,NA,NA,qr,EN,Yes,86,61,40,Yes,8-14,1-7,Meat,Freshman,Female,Asian or Pacific Islander,NA
2022-10-14 14:40:45,2022-10-14 14:42:28,IP Address,100,103,True,2022-10-14 14:42:29,R_u9x7n1AhZ0SaABH,NA,NA,NA,NA,qr,EN,Yes,86,74,35,Yes,8-14,8-14,Meat,Freshman,Female,White or Caucasian,NA
2022-10-14 14:45:02,2022-10-14 14:45:58,IP Address,100,55,True,2022-10-14 14:45:58,R_30pjGVbOK1wrX4C,NA,NA,NA,NA,anonymous,EN,Yes,100,24,69,No,0,0,Vegetarian,Freshman,Male,Asian or Pacific Islander,The burrito bowls are amazing!
2022-10-14 14:45:15,2022-10-14 14:47:00,IP Address,100,104,True,2022-10-14 14:47:00,R_2EFEPOMwtlgdwiz,NA,NA,NA,NA,qr,EN,Yes,100,100,100,Yes,15-21,1-7,Meat,Freshman,Male,Black or African American,NA
2022-10-14 15:39:39,2022-10-14 15:40:28,IP Address,100,49,True,2022-10-14 15:40:29,R_1lrZDH1EWwHHiYb,NA,NA,NA,NA,qr,EN,Yes,86,6,87,No,8-14,1-7,Meat,Freshman,Female,Asian or Pacific Islander,NA
2022-10-14 15:39:33,2022-10-14 15:41:11,IP Address,100,98,True,2022-10-14 15:41:12,R_3CVePwBHXW6Mp4B,NA,NA,NA,NA,qr,EN,Yes,82,0,100,Yes,15-21,1-7,Meat,Freshman,Male,Hispanic or Latino,Please have burritos everyday!
2022-10-14 16:01:42,2022-10-14 16:03:03,IP Address,100,80,True,2022-10-14 16:03:03,R_1kFl7LfM0egDLOt,NA,NA,NA,NA,anonymous,EN,Yes,84,20,78,Yes,8-14,1-7,Meat,Freshman,Female,Asian or Pacific Islander,NA
2022-10-14 16:17:23,2022-10-14 16:18:08,IP Address,100,45,True,2022-10-14 16:18:09,R_VPhXM2EDlFKPyW5,NA,NA,NA,NA,qr,EN,Yes,67,27,91,Yes,8-14,1-7,Meat,Sophomore,Female,Asian or Pacific Islander,NA
2022-10-14 16:17:49,2022-10-14 16:18:59,IP Address,100,69,True,2022-10-14 16:18:59,R_1FCAeIonpCokmnr,NA,NA,NA,NA,qr,EN,Yes,85,23,85,Yes,8-14,1-7,Flexitarian,Sophomore,Female,Hispanic or Latino,NA
2022-10-14 16:43:19,2022-10-14 16:43:48,IP Address,100,29,True,2022-10-14 16:43:49,R_27llwlJ9NL0DD7o,NA,NA,NA,NA,qr,EN,Yes,100,0,100,Yes,8-14,0,Meat,Sophomore,Female,Hispanic or Latino,NA
2022-10-15 15:25:43,2022-10-15 15:26:42,IP Address,100,58,True,2022-10-15 15:26:42,R_3Nx191CgEjwcOUz,NA,NA,NA,NA,qr,EN,Yes,71,2,73,No,0,0,Vegetarian,Senior,Female,A race/ethnicity not listed here,NA
2022-10-15 15:25:38,2022-10-15 15:27:23,IP Address,100,104,True,2022-10-15 15:27:23,R_dcftjKEYuLNNQHv,NA,NA,NA,NA,qr,EN,Yes,82,7,81,No,8-14,1-7,Flexitarian,Senior,Male,Hispanic or Latino,NA
2022-10-16 04:38:29,2022-10-16 04:41:49,IP Address,7,200,False,2022-10-16 05:41:51,R_1FPow20TZ7BsgTr,NA,NA,NA,NA,qr,EN,NA,NA,NA,NA,NA,NA,NA,NA,NA,NA,NA,NA
2022-10-16 16:06:20,2022-10-16 16:07:34,IP Address,100,74,True,2022-10-16 16:07:35,R_6yV8gi2IPcXGcff,NA,NA,NA,NA,anonymous,EN,Yes,83,14,85,Yes,15-21,1-7,Meat,Other,Male,Asian or Pacific Islander,NA
2022-10-16 15:12:13,2022-10-16 15:12:24,IP Address,7,10,False,2022-10-16 16:12:30,R_QiTwdabd3zkxv7X,NA,NA,NA,NA,anonymous,EN,NA,NA,NA,NA,NA,NA,NA,NA,NA,NA,NA,NA
2022-10-17 14:07:52,2022-10-17 14:09:16,IP Address,100,83,True,2022-10-17 14:09:16,R_3kzii4mkgy4yHXf,NA,NA,NA,NA,anonymous,EN,Yes,92,6,84,Yes,15-21,0,Meat,Senior,Male,White or Caucasian,NA
2022-10-17 14:09:50,2022-10-17 14:10:35,IP Address,100,44,True,2022-10-17 14:10:35,R_1Du9uqRQRGNsCx6,NA,NA,NA,NA,anonymous,EN,Yes,76,22,73,Yes,0,1-7,Pescatarian,Sophomore,Female,White or Caucasian,NA
2022-10-17 14:11:37,2022-10-17 14:13:22,IP Address,100,105,True,2022-10-17 14:13:23,R_2QASORO40fy8qXi,NA,NA,NA,NA,anonymous,EN,Yes,38,70,37,No,15-21,8-14,Meat,Sophomore,Female,White or Caucasian,NA
2022-10-17 14:13:34,2022-10-17 14:14:19,IP Address,100,45,True,2022-10-17 14:14:20,R_2f9FudmE3bZrEMj,NA,NA,NA,NA,qr,EN,Yes,63,57,68,Yes,8-14,1-7,Meat,Sophomore,Male,"Hispanic or Latino,White or Caucasian",NA
2022-10-17 14:21:47,2022-10-17 14:22:35,IP Address,100,47,True,2022-10-17 14:22:35,R_3EtG6jCeaS4MuuZ,NA,NA,NA,NA,qr,EN,Yes,100,0,100,Yes,8-14,0,Meat,Sophomore,Female,Hispanic or Latino,NA
2022-10-17 14:22:02,2022-10-17 14:23:12,IP Address,100,70,True,2022-10-17 14:23:13,R_pMloAokrFmw6OJ3,NA,NA,NA,NA,qr,EN,Yes,83,28,76,Yes,15-21,0,Meat,Sophomore,Male,Asian or Pacific Islander,NA
2022-10-17 14:28:39,2022-10-17 14:29:45,IP Address,100,65,True,2022-10-17 14:29:45,R_2dG95qQ5I1iH5KG,NA,NA,NA,NA,anonymous,EN,Yes,100,7,90,No,1-7,1-7,Flexitarian,Sophomore,Female,Asian or Pacific Islander,NA
2022-10-17 14:38:17,2022-10-17 14:39:00,IP Address,100,43,True,2022-10-17 14:39:01,R_3J5dTVcXPK0iJNN,NA,NA,NA,NA,qr,EN,Yes,86,10,88,Yes,8-14,1-7,Meat,Sophomore,Female,Asian or Pacific Islander,NA
2022-10-17 14:41:23,2022-10-17 14:42:28,IP Address,100,65,True,2022-10-17 14:42:29,R_1DZGd9eIdPwThzE,NA,NA,NA,NA,qr,EN,Yes,100,20,73,No,1-7,1-7,Meat,Sophomore,Female,"Asian or Pacific Islander,White or Caucasian",NA
2022-10-17 15:03:49,2022-10-17 15:04:28,IP Address,100,38,True,2022-10-17 15:04:29,R_6AmPinAEjV8jgrL,NA,NA,NA,NA,anonymous,EN,Yes,68,32,38,No,1-7,0,Vegan,Sophomore,Female,Asian or Pacific Islander,when do we get the gift card
2022-10-17 14:06:05,2022-10-17 14:09:41,IP Address,7,216,False,2022-10-17 15:09:45,R_20SejokD4mky6PE,NA,NA,NA,NA,anonymous,EN,NA,NA,NA,NA,NA,NA,NA,NA,NA,NA,NA,NA
2022-10-17 14:34:03,2022-10-17 15:11:03,IP Address,100,2219,True,2022-10-17 15:11:03,R_1k0xfT8KJtvcxI5,NA,NA,NA,NA,qr,EN,Yes,99,3,95,Yes,8-14,1-7,Meat,Sophomore,Male,Hispanic or Latino,NA
2022-10-17 15:14:50,2022-10-17 15:15:36,IP Address,100,45,True,2022-10-17 15:15:37,R_22l86cHlseNE2aa,NA,NA,NA,NA,qr,EN,Yes,74,21,89,Yes,8-14,1-7,Meat,Freshman,Male,White or Caucasian,NA
2022-10-17 15:30:24,2022-10-17 15:31:42,IP Address,100,77,True,2022-10-17 15:31:42,R_2CqgJy6mWmOIFSw,NA,NA,NA,NA,qr,EN,Yes,75,35,75,Yes,8-14,1-7,Meat,Junior,Male,Asian or Pacific Islander,NA
2022-10-17 16:04:23,2022-10-17 16:06:23,IP Address,100,120,True,2022-10-17 16:06:24,R_9EO14Fd72V1cD5v,NA,NA,NA,NA,qr,EN,Yes,100,11,91,Yes,8-14,0,Meat,Sophomore,Male,Hispanic or Latino,It was amazing
2022-10-17 16:06:53,2022-10-17 16:07:39,IP Address,100,45,True,2022-10-17 16:07:39,R_2ROIuOdWWXi9I0A,NA,NA,NA,NA,anonymous,EN,Yes,86,17,78,Yes,8-14,1-7,Meat,Sophomore,Female,"Asian or Pacific Islander,White or Caucasian",NA
2022-10-17 16:08:32,2022-10-17 16:11:35,IP Address,100,182,True,2022-10-17 16:11:35,R_2724Fxonoi8BZiK,NA,NA,NA,NA,anonymous,EN,Yes,99,61,42,Yes,8-14,1-7,Meat,Sophomore,Male,"Hispanic or Latino,White or Caucasian",Really tasty but i am hungry after!
2022-10-17 16:14:42,2022-10-17 16:15:06,IP Address,100,24,True,2022-10-17 16:15:07,R_yIyqQZvkewoKtLr,NA,NA,NA,NA,qr,EN,Yes,68,35,72,Yes,8-14,8-14,Meat,Junior,Female,"Asian or Pacific Islander,White or Caucasian",NA
2022-10-17 16:15:39,2022-10-17 16:16:40,IP Address,100,61,True,2022-10-17 16:16:40,R_2eXsQZlE24bojR4,NA,NA,NA,NA,qr,EN,Yes,100,17,100,No,0,0,Vegetarian,Sophomore,Male,White or Caucasian,Bring back burritos everyday
2022-10-17 16:15:21,2022-10-17 16:16:53,IP Address,100,91,True,2022-10-17 16:16:53,R_11d6txPr7OzG0kc,NA,NA,NA,NA,qr,EN,Yes,78,12,85,Yes,8-14,1-7,Meat,Sophomore,Male,White or Caucasian,NA
2022-10-17 16:29:39,2022-10-17 16:31:24,IP Address,100,104,True,2022-10-17 16:31:24,R_1jDJ0qwTuzHQ4Y0,NA,NA,NA,NA,anonymous,EN,Yes,100,18,83,Yes,8-14,1-7,Meat,Sophomore,Male,"Asian or Pacific Islander,White or Caucasian",NA
2022-10-17 16:33:34,2022-10-17 16:34:29,IP Address,100,54,True,2022-10-17 16:34:30,R_2RQtxmicvz1g48C,NA,NA,NA,NA,anonymous,EN,Yes,100,19,81,Yes,8-14,1-7,Meat,Sophomore,Male,Asian or Pacific Islander,NA
2022-10-17 16:34:18,2022-10-17 16:35:11,IP Address,100,52,True,2022-10-17 16:35:11,R_3rIXVqrp7XtGitC,NA,NA,NA,NA,qr,EN,Yes,71,70,79,Yes,8-14,1-7,Meat,Other,Male,White or Caucasian,NA
2022-10-17 16:40:55,2022-10-17 16:41:50,IP Address,100,55,True,2022-10-17 16:41:51,R_qxRYJQSrsqGtvBn,NA,NA,NA,NA,anonymous,EN,Yes,69,41,58,Yes,1-7,1-7,Flexitarian,Senior,Female,White or Caucasian,NA
2022-10-17 16:09:05,2022-10-17 16:09:10,IP Address,7,4,False,2022-10-17 17:09:11,R_yO6p1GxHFUSW0St,NA,NA,NA,NA,anonymous,EN,NA,NA,NA,NA,NA,NA,NA,NA,NA,NA,NA,NA
2022-10-17 17:18:22,2022-10-17 17:18:48,IP Address,100,26,True,2022-10-17 17:18:49,R_1QFxjOSQCBqacOT,NA,NA,NA,NA,qr,EN,Yes,79,24,21,Yes,8-14,1-7,Meat,Freshman,Male,Asian or Pacific Islander,NA
2022-10-17 17:46:14,2022-10-17 17:49:32,IP Address,100,198,True,2022-10-17 17:49:33,R_3hxOzUdCkLkeX7t,NA,NA,NA,NA,qr,EN,Yes,83,86,79,Yes,1-7,1-7,Flexitarian,Freshman,Prefer not to answer,Prefer not to answer,"I've filled out this form once or twice already, but I have not received any compensation yet. Is there a time I should expect it to come?"
2022-10-17 21:36:35,2022-10-17 21:38:11,IP Address,100,95,True,2022-10-17 21:38:12,R_125NIlx4rMQYUvF,NA,NA,NA,NA,qr,EN,Yes,68,0,65,Yes,8-14,1-7,Meat,Senior,Female,White or Caucasian,NA
2022-10-18 00:28:00,2022-10-18 00:28:31,IP Address,7,31,False,2022-10-18 01:28:35,R_DBuzPkvSGiHlImR,NA,NA,NA,NA,qr,EN,NA,NA,NA,NA,NA,NA,NA,NA,NA,NA,NA,NA
2022-10-18 00:33:25,2022-10-18 00:33:44,IP Address,7,19,False,2022-10-18 01:33:46,R_273g1P7auKC4w5C,NA,NA,NA,NA,qr,EN,NA,NA,NA,NA,NA,NA,NA,NA,NA,NA,NA,NA
2022-10-18 01:24:36,2022-10-18 01:25:56,IP Address,7,80,False,2022-10-18 02:25:57,R_2bUYqHgdEoMhCu8,NA,NA,NA,NA,qr,EN,NA,NA,NA,NA,NA,NA,NA,NA,NA,NA,NA,NA
2022-10-18 13:42:17,2022-10-18 13:46:26,IP Address,100,249,True,2022-10-18 13:46:27,R_3kOka8Kz42uprsL,NA,NA,NA,NA,anonymous,EN,Yes,91,0,87,Yes,8-14,1-7,Meat,Sophomore,Female,Asian or Pacific Islander,NA
2022-10-18 14:05:59,2022-10-18 14:06:39,IP Address,100,39,True,2022-10-18 14:06:40,R_3dFXpulybjh2wLD,NA,NA,NA,NA,qr,EN,Yes,70,17,70,Yes,8-14,1-7,Meat,Freshman,Male,Asian or Pacific Islander,NA
2022-10-18 14:08:42,2022-10-18 14:09:50,IP Address,100,68,True,2022-10-18 14:09:51,R_3MFHTXucDr3mQK8,NA,NA,NA,NA,qr,EN,Yes,86,79,23,Yes,15-21,15-21,Meat,Freshman,Male,White or Caucasian,NA
2022-10-18 15:20:51,2022-10-18 15:21:43,IP Address,100,52,True,2022-10-18 15:21:44,R_0ID5MjRup1nKP6x,NA,NA,NA,NA,qr,EN,No,60,23,69,Yes,8-14,1-7,Meat,Freshman,Male,White or Caucasian,NA
2022-10-18 15:23:29,2022-10-18 15:24:26,IP Address,100,56,True,2022-10-18 15:24:26,R_2rU9it5BpY7AZ6m,NA,NA,NA,NA,qr,EN,Yes,91,30,71,Yes,8-14,1-7,Meat,Freshman,Male,White or Caucasian,NA
2022-10-18 15:28:18,2022-10-18 15:29:21,IP Address,100,62,True,2022-10-18 15:29:21,R_2P58iRAEwYJmHkj,NA,NA,NA,NA,anonymous,EN,Yes,84,38,62,No,1-7,1-7,Flexitarian,Senior,Female,White or Caucasian,NA
2022-10-18 15:38:20,2022-10-18 15:39:40,IP Address,100,80,True,2022-10-18 15:39:41,R_pPISfUuUpD2GIrn,NA,NA,NA,NA,qr,EN,Yes,84,21,78,Yes,1-7,1-7,Meat,Senior,Female,White or Caucasian,NA
2022-10-18 15:38:51,2022-10-18 15:40:07,IP Address,100,76,True,2022-10-18 15:40:07,R_3pioyG3ezdoOd1N,NA,NA,NA,NA,qr,EN,Yes,77,5,83,Yes,8-14,0,Meat,Senior,Female,White or Caucasian,Guacamole please!
2022-10-18 16:08:06,2022-10-18 16:09:03,IP Address,100,56,True,2022-10-18 16:09:04,R_2witBX1lN9OcPZk,NA,NA,NA,NA,qr,EN,Yes,82,3,94,Yes,8-14,1-7,Meat,Freshman,Male,Asian or Pacific Islander,NA
2022-10-18 16:13:00,2022-10-18 16:13:50,IP Address,100,50,True,2022-10-18 16:13:51,R_UDU8KEqKTDDqVgZ,NA,NA,NA,NA,qr,EN,Yes,76,0,100,Yes,8-14,1-7,Meat,Freshman,Female,"Asian or Pacific Islander,A race/ethnicity not listed here",NA
2022-10-18 16:26:39,2022-10-18 16:27:39,IP Address,100,60,True,2022-10-18 16:27:39,R_2djbNe2s9FJqPax,NA,NA,NA,NA,anonymous,EN,Yes,29,66,31,Yes,8-14,0,Meat,Senior,Female,Hispanic or Latino,NA
2022-10-18 16:33:07,2022-10-18 16:33:35,IP Address,100,27,True,2022-10-18 16:33:35,R_3DpX3wTU6VpFHIq,NA,NA,NA,NA,qr,EN,Yes,83,0,100,Yes,8-14,1-7,Meat,Sophomore,Female,Asian or Pacific Islander,NA
2022-10-18 15:38:31,2022-10-18 15:38:52,IP Address,7,20,False,2022-10-18 16:38:56,R_3kodgVYHYTrISXK,NA,NA,NA,NA,qr,EN,NA,NA,NA,NA,NA,NA,NA,NA,NA,NA,NA,NA
2022-10-18 18:37:22,2022-10-18 18:38:51,IP Address,100,88,True,2022-10-18 18:38:52,R_exQXXMi3lXfcMwh,NA,NA,NA,NA,qr,EN,Yes,87,17,78,Yes,8-14,1-7,Meat,Sophomore,Male,Hispanic or Latino,"Today the meat at Cardinal Sage was pollo asado. Also, how long does it take to receive the $5 gift cards?"
2022-10-18 21:22:39,2022-10-18 21:22:43,IP Address,7,4,False,2022-10-18 22:22:45,R_5yBZK0oBUjATZRf,NA,NA,NA,NA,qr,EN,NA,NA,NA,NA,NA,NA,NA,NA,NA,NA,NA,NA
2022-10-19 13:13:50,2022-10-19 13:15:53,IP Address,100,123,True,2022-10-19 13:15:54,R_26avL1WDbpz8ULf,NA,NA,NA,NA,anonymous,EN,Yes,82,20,90,No,0,1-7,Pescatarian,Sophomore,Female,Asian or Pacific Islander,N/A
2022-10-19 14:04:28,2022-10-19 14:05:21,IP Address,100,52,True,2022-10-19 14:05:22,R_3J3N5vdAlOraSwC,NA,NA,NA,NA,qr,EN,Yes,81,8,73,Yes,1-7,1-7,Meat,Freshman,Female,"Asian or Pacific Islander,Hispanic or Latino,White or Caucasian",NA
2022-10-19 14:07:49,2022-10-19 14:08:31,IP Address,100,41,True,2022-10-19 14:08:31,R_PILS0DKa5id933P,NA,NA,NA,NA,qr,EN,Yes,89,61,72,Yes,1-7,1-7,Meat,Other,Male,White or Caucasian,NA
2022-10-19 14:09:56,2022-10-19 14:11:43,IP Address,100,106,True,2022-10-19 14:11:43,R_30nIkgm8k5RfjqJ,NA,NA,NA,NA,qr,EN,Yes,83,48,62,No,0,1-7,Pescatarian,Junior,Female,White or Caucasian,NA
2022-10-19 14:31:39,2022-10-19 14:43:49,IP Address,100,730,True,2022-10-19 14:43:50,R_2OSyeCoIEq1YwLj,NA,NA,NA,NA,qr,EN,Yes,100,0,100,Yes,8-14,1-7,Meat,Sophomore,Female,Asian or Pacific Islander,NA
2022-10-19 14:48:05,2022-10-19 14:48:53,IP Address,100,47,True,2022-10-19 14:48:53,R_1g5AqYAR3aHA9nz,NA,NA,NA,NA,qr,EN,Yes,100,33,83,Yes,8-14,1-7,Meat,Sophomore,Female,Asian or Pacific Islander,NA
2022-10-19 15:37:25,2022-10-19 15:38:30,IP Address,100,65,True,2022-10-19 15:38:31,R_aeKgRFpBmgZpBol,NA,NA,NA,NA,qr,EN,Yes,91,20,87,Yes,15-21,1-7,Meat,Freshman,Male,White or Caucasian,NA
2022-10-19 15:38:33,2022-10-19 15:39:09,IP Address,100,35,True,2022-10-19 15:39:09,R_1LUz64pG9oYPnL1,NA,NA,NA,NA,qr,EN,Yes,90,15,85,Yes,15-21,1-7,Meat,Freshman,Male,White or Caucasian,NA
2022-10-19 15:39:11,2022-10-19 15:40:41,IP Address,100,90,True,2022-10-19 15:40:41,R_1ON9MdIoa0UgzYU,NA,NA,NA,NA,qr,EN,Yes,68,28,74,Yes,8-14,8-14,Meat,Freshman,Male,"Asian or Pacific Islander,A race/ethnicity not listed here",NA
2022-10-19 15:43:53,2022-10-19 15:44:50,IP Address,100,57,True,2022-10-19 15:44:50,R_1pDKlMSw5DXXCqA,NA,NA,NA,NA,qr,EN,No,61,40,61,Yes,8-14,1-7,Meat,Freshman,Male,White or Caucasian,NA
2022-10-19 14:47:50,2022-10-19 14:48:07,IP Address,7,17,False,2022-10-19 15:48:08,R_3s6sEOsbLwtD8xo,NA,NA,NA,NA,qr,EN,NA,NA,NA,NA,NA,NA,NA,NA,NA,NA,NA,NA
2022-10-19 16:06:28,2022-10-19 16:07:34,IP Address,100,66,True,2022-10-19 16:07:35,R_2fDmPpmtc3dzVQB,NA,NA,NA,NA,qr,EN,Yes,65,18,82,Yes,1-7,1-7,Meat,Junior,Male,White or Caucasian,NA
2022-10-19 16:15:05,2022-10-19 16:18:54,IP Address,7,229,False,2022-10-19 17:18:58,R_3NKxLN4VFPYEH4v,NA,NA,NA,NA,anonymous,EN,NA,NA,NA,NA,NA,NA,NA,NA,NA,NA,NA,NA
2022-10-19 18:11:29,2022-10-19 18:12:22,IP Address,100,53,True,2022-10-19 18:12:23,R_3foykE43qWaND8C,NA,NA,NA,NA,qr,EN,No,63,37,67,Yes,8-14,1-7,Meat,Freshman,Male,White or Caucasian,NA
2022-10-19 18:22:48,2022-10-19 18:23:19,IP Address,100,30,True,2022-10-19 18:23:19,R_3PBGZeW0MxUzhh9,NA,NA,NA,NA,qr,EN,Yes,70,22,84,Yes,1-7,1-7,Flexitarian,Freshman,Prefer not to answer,Prefer not to answer,NA
2022-10-19 19:06:41,2022-10-19 19:07:28,IP Address,100,47,True,2022-10-19 19:07:29,R_RqNc82yhf2Y88Zr,NA,NA,NA,NA,anonymous,EN,Yes,31,57,39,Yes,15-21,1-7,Meat,Freshman,Female,Asian or Pacific Islander,NA
2022-10-19 18:09:41,2022-10-19 18:10:06,IP Address,7,24,False,2022-10-19 19:10:06,R_3hsEkuKbj1AoNvn,NA,NA,NA,NA,qr,EN,NA,NA,NA,NA,NA,NA,NA,NA,NA,NA,NA,NA
2022-10-19 20:47:57,2022-10-19 20:48:39,IP Address,100,42,True,2022-10-19 20:48:40,R_2z5vypv5nJMnDQj,NA,NA,NA,NA,qr,EN,Yes,100,0,100,Yes,8-14,0,Meat,Sophomore,Female,Hispanic or Latino,NA
2022-10-20 15:00:13,2022-10-20 15:00:54,IP Address,100,41,True,2022-10-20 15:00:58,R_r6lqUljlOlhlZMB,NA,NA,NA,NA,qr,EN,No,62,21,75,Yes,8-14,1-7,Meat,Freshman,Male,White or Caucasian,NA
2022-10-20 15:03:39,2022-10-20 15:08:24,IP Address,100,284,True,2022-10-20 15:08:25,R_2P0Uoh1mvR9SLD9,NA,NA,NA,NA,qr,EN,Yes,92,10,97,Yes,1-7,0,Flexitarian,Senior,Female,Hispanic or Latino,They used to have burrito bowls for every meal when I was a freshmen and breakfast burrito bowls on the weekend! Why did that get taken away?
2022-10-20 15:19:04,2022-10-20 15:19:41,IP Address,100,37,True,2022-10-20 15:19:42,R_3hgTzj598vDFYAP,NA,NA,NA,NA,anonymous,EN,Yes,93,2,86,No,8-14,0,Meat,Freshman,Male,Prefer not to answer,NA
2022-10-20 15:27:09,2022-10-20 15:27:41,IP Address,100,31,True,2022-10-20 15:27:41,R_1Lp7uj35756MSuU,NA,NA,NA,NA,anonymous,EN,Yes,83,21,61,Yes,1-7,1-7,Flexitarian,Junior,Male,Asian or Pacific Islander,NA
2022-10-20 15:28:03,2022-10-20 15:29:10,IP Address,100,66,True,2022-10-20 15:29:10,R_2tmQ18QdRdRBWWc,NA,NA,NA,NA,anonymous,EN,Yes,100,100,100,Yes,8-14,1-7,Meat,Junior,Female,Asian or Pacific Islander,NA
2022-10-20 15:26:32,2022-10-20 15:29:52,IP Address,100,199,True,2022-10-20 15:29:53,R_yr4aJuJ36WCxSY9,NA,NA,NA,NA,qr,EN,Yes,85,38,79,Yes,1-7,0,Flexitarian,Freshman,Female,Asian or Pacific Islander,Food was great! Love Stern!
2022-10-20 15:29:26,2022-10-20 15:30:47,IP Address,100,80,True,2022-10-20 15:30:47,R_31YHyzwdgJjVgu0,NA,NA,NA,NA,qr,EN,Yes,93,17,85,Yes,15-21,8-14,Flexitarian,Senior,Male,Asian or Pacific Islander,NA
2022-10-20 15:51:20,2022-10-20 15:52:37,IP Address,100,76,True,2022-10-20 15:52:38,R_2YXHhoJ2YZJMzvu,NA,NA,NA,NA,qr,EN,Yes,58,100,78,Yes,8-14,1-7,Meat,Junior,Female,Asian or Pacific Islander,NA
2022-10-20 16:10:09,2022-10-20 16:11:18,IP Address,100,69,True,2022-10-20 16:11:19,R_2D7hJpy6arHvBPv,NA,NA,NA,NA,anonymous,EN,Yes,88,0,100,Yes,15-21,1-7,Meat,Freshman,Female,Hispanic or Latino,NA
2022-10-20 16:13:26,2022-10-20 16:16:41,IP Address,100,195,True,2022-10-20 16:16:42,R_2ZOLYzM7YqEADZc,NA,NA,NA,NA,qr,EN,Yes,100,0,83,Yes,8-14,0,Meat,Junior,Prefer not to answer,Prefer not to answer,NA
2022-10-20 16:15:52,2022-10-20 16:16:58,IP Address,100,66,True,2022-10-20 16:16:59,R_29b1u2W9ZMzj7Rv,NA,NA,NA,NA,qr,EN,Yes,87,0,78,No,0,0,Vegetarian,Freshman,Female,White or Caucasian,NA
2022-10-20 16:16:42,2022-10-20 16:18:21,IP Address,100,98,True,2022-10-20 16:18:21,R_1hKcXzelzGKocAD,NA,NA,NA,NA,qr,EN,Yes,80,0,94,No,0,0,Vegan,Freshman,Female,White or Caucasian,NA
2022-10-20 16:20:48,2022-10-20 16:21:39,IP Address,100,50,True,2022-10-20 16:21:39,R_2UXCme5TdCCsHOx,NA,NA,NA,NA,qr,EN,Yes,86,18,86,Yes,1-7,0,Meat,Sophomore,Male,Asian or Pacific Islander,NA
2022-10-20 15:26:17,2022-10-20 15:26:23,IP Address,7,6,False,2022-10-20 16:26:26,R_3KQ6SIEMH6914N3,NA,NA,NA,NA,anonymous,EN,NA,NA,NA,NA,NA,NA,NA,NA,NA,NA,NA,NA
2022-10-20 15:30:01,2022-10-20 15:30:09,IP Address,7,8,False,2022-10-20 16:30:13,R_3Pzfv2hXcLqqTyP,NA,NA,NA,NA,qr,EN,NA,NA,NA,NA,NA,NA,NA,NA,NA,NA,NA,NA
2022-10-20 16:15:59,2022-10-20 16:16:25,IP Address,7,25,False,2022-10-20 17:16:28,R_1oFmUoZ7v5Y9KPT,NA,NA,NA,NA,qr,EN,NA,NA,NA,NA,NA,NA,NA,NA,NA,NA,NA,NA
2022-10-20 17:40:44,2022-10-20 17:42:04,IP Address,100,79,True,2022-10-20 17:42:04,R_VX1wx1hBWRi0DPb,NA,NA,NA,NA,qr,EN,Yes,69,73,83,Yes,1-7,8-14,Meat,Graduate student,Male,Asian or Pacific Islander,NA
2022-10-20 18:13:08,2022-10-20 18:13:50,IP Address,100,41,True,2022-10-20 18:13:51,R_22mI1l4rDhvnI12,NA,NA,NA,NA,qr,EN,No,78,30,77,Yes,8-14,1-7,Meat,Freshman,Male,White or Caucasian,NA
2022-10-20 18:15:52,2022-10-20 18:16:33,IP Address,100,40,True,2022-10-20 18:16:34,R_2ToZOBxbbgaEGlr,NA,NA,NA,NA,qr,EN,Yes,82,76,33,Yes,8-14,1-7,Meat,Sophomore,Male,Hispanic or Latino,NA
2022-10-20 18:46:12,2022-10-20 18:47:15,IP Address,100,63,True,2022-10-20 18:47:16,R_32Vn9LIRCxhHe8Z,NA,NA,NA,NA,anonymous,EN,Yes,79,14,64,No,1-7,1-7,Flexitarian,Senior,Female,White or Caucasian,NA
2022-10-21 14:13:00,2022-10-21 14:13:36,IP Address,100,36,True,2022-10-21 14:13:37,R_2wFgfeab7tcxbLU,NA,NA,NA,NA,qr,EN,No,62,28,63,Yes,8-14,1-7,Meat,Freshman,Male,White or Caucasian,NA
2022-10-21 15:45:45,2022-10-21 15:46:43,IP Address,100,58,True,2022-10-21 15:46:44,R_2zJdvXTzmjKJmf4,NA,NA,NA,NA,qr,EN,Yes,98,7,88,Yes,1-7,1-7,Flexitarian,Freshman,Female,A race/ethnicity not listed here,"Love the burrito bowls, bring back the guac!!"
2022-10-21 15:43:10,2022-10-21 15:50:12,IP Address,100,422,True,2022-10-21 15:50:13,R_2fkRS1Y2gVOEP1i,NA,NA,NA,NA,anonymous,EN,Yes,100,0,100,No,1-7,0,Flexitarian,Junior,Female,Asian or Pacific Islander,NA
2022-10-21 15:53:39,2022-10-21 15:54:12,IP Address,100,32,True,2022-10-21 15:54:12,R_33a85ZIVneNT5a0,NA,NA,NA,NA,anonymous,EN,Yes,83,28,82,No,0,0,Vegetarian,Sophomore,Male,Asian or Pacific Islander,NA
2022-10-21 15:53:37,2022-10-21 15:55:26,IP Address,100,109,True,2022-10-21 15:55:26,R_2yeAGm5AoKmcu4s,NA,NA,NA,NA,qr,EN,Yes,100,0,72,Yes,1-7,1-7,Meat,Sophomore,Male,Hispanic or Latino,NA
2022-10-21 15:53:28,2022-10-21 15:55:37,IP Address,100,129,True,2022-10-21 15:55:38,R_1ogX2i8leEzY3Re,NA,NA,NA,NA,qr,EN,Yes,61,17,83,Yes,8-14,1-7,Meat,Sophomore,Male,Asian or Pacific Islander,No
2022-10-21 15:55:24,2022-10-21 15:57:05,IP Address,100,101,True,2022-10-21 15:57:06,R_31XZePk2I1FVecJ,NA,NA,NA,NA,qr,EN,Yes,95,11,87,No,1-7,1-7,Flexitarian,Sophomore,Male,White or Caucasian,NA
2022-10-21 15:56:29,2022-10-21 15:57:14,IP Address,100,44,True,2022-10-21 15:57:14,R_Ua7ai71QertXLMd,NA,NA,NA,NA,anonymous,EN,Yes,82,0,80,Yes,8-14,1-7,Meat,Sophomore,Female,Asian or Pacific Islander,NA
2022-10-21 16:06:42,2022-10-21 16:08:51,IP Address,100,129,True,2022-10-21 16:08:52,R_2aV0BOufaPOS4yC,NA,NA,NA,NA,qr,EN,Yes,74,57,59,Yes,8-14,1-7,Meat,Sophomore,Male,Asian or Pacific Islander,NA
2022-10-21 15:49:24,2022-10-21 16:09:26,IP Address,100,1202,True,2022-10-21 16:09:26,R_2rGVSMDHY1njHSu,NA,NA,NA,NA,qr,EN,Yes,65,0,100,Yes,8-14,1-7,Meat,Sophomore,Male,"Hispanic or Latino,White or Caucasian",NA
2022-10-21 16:08:32,2022-10-21 16:09:45,IP Address,100,72,True,2022-10-21 16:09:45,R_9M54oxN3xOpQQKt,NA,NA,NA,NA,qr,EN,Yes,83,61,100,Yes,22+,1-7,Meat,Sophomore,Male,Hispanic or Latino,NA
2022-10-21 16:14:14,2022-10-21 16:15:19,IP Address,100,64,True,2022-10-21 16:15:20,R_2rNJ96KAbJrv7NY,NA,NA,NA,NA,qr,EN,No,67,28,48,No,0,0,Vegetarian,Senior,Male,White or Caucasian,NA
2022-10-21 16:14:17,2022-10-21 16:15:22,IP Address,100,64,True,2022-10-21 16:15:23,R_2VwrEeVxj7Fv1dl,NA,NA,NA,NA,qr,EN,Yes,39,26,78,Yes,8-14,1-7,Meat,Freshman,Male,White or Caucasian,Bring back the tortillas!
2022-10-21 16:14:09,2022-10-21 16:15:37,IP Address,100,87,True,2022-10-21 16:15:37,R_31EG2nKjdie2gHs,NA,NA,NA,NA,qr,EN,Yes,60,0,93,No,0,1-7,Pescatarian,Freshman,Female,White or Caucasian,NA
2022-10-21 16:02:21,2022-10-21 16:08:11,IP Address,7,350,False,2022-10-21 17:08:12,R_pJM8rJrytyjQ1EZ,NA,NA,NA,NA,anonymous,EN,NA,NA,NA,NA,NA,NA,NA,NA,NA,NA,NA,NA
2022-10-21 16:14:21,2022-10-21 16:14:29,IP Address,7,8,False,2022-10-21 17:14:34,R_2dLKVd9qVxPGYGb,NA,NA,NA,NA,qr,EN,NA,NA,NA,NA,NA,NA,NA,NA,NA,NA,NA,NA
2022-10-21 21:20:00,2022-10-21 21:21:12,IP Address,100,71,True,2022-10-21 21:21:12,R_33v78G3otPUxyDD,NA,NA,NA,NA,anonymous,EN,Yes,79,4,68,Yes,8-14,1-7,Meat,Graduate student,Male,Asian or Pacific Islander,NA
2022-10-21 21:21:37,2022-10-21 21:24:26,IP Address,100,169,True,2022-10-21 21:24:27,R_2SIgz89eXXXdDXt,NA,NA,NA,NA,anonymous,EN,Yes,84,16,84,Yes,22+,1-7,Flexitarian,Graduate student,Male,Asian or Pacific Islander,NA
2022-10-21 21:17:29,2022-10-21 21:17:43,IP Address,7,14,False,2022-10-21 22:17:45,R_PUsvvUJxOq6Pew1,NA,NA,NA,NA,anonymous,EN,NA,NA,NA,NA,NA,NA,NA,NA,NA,NA,NA,NA
2022-10-21 21:19:41,2022-10-21 21:19:46,IP Address,7,4,False,2022-10-21 22:19:53,R_2zO7CBl8elhumNX,NA,NA,NA,NA,anonymous,EN,NA,NA,NA,NA,NA,NA,NA,NA,NA,NA,NA,NA
2022-10-22 14:04:46,2022-10-22 14:06:16,IP Address,100,90,True,2022-10-22 14:06:16,R_8d1FMSquQ0gFxpT,NA,NA,NA,NA,qr,EN,Yes,91,100,91,No,15-21,1-7,Meat,Sophomore,Female,Hispanic or Latino,NA
2022-10-22 14:17:46,2022-10-22 14:19:48,IP Address,100,121,True,2022-10-22 14:19:48,R_3fIDzkMMKaqJiA9,NA,NA,NA,NA,qr,EN,Yes,50,31,73,No,1-7,1-7,Meat,Sophomore,Prefer not to answer,Prefer not to answer,NA
2022-10-22 15:52:46,2022-10-22 15:54:53,IP Address,100,127,True,2022-10-22 15:54:54,R_12tFW53VsUV2G0f,NA,NA,NA,NA,qr,EN,No,73,28,74,No,1-7,1-7,Pescatarian,Sophomore,Male,Asian or Pacific Islander,NA
2022-10-22 16:27:20,2022-10-22 16:28:04,IP Address,100,43,True,2022-10-22 16:28:05,R_2yqhkuoCZZmijG1,NA,NA,NA,NA,anonymous,EN,No,14,23,27,No,1-7,1-7,Meat,Freshman,Male,Asian or Pacific Islander,NA
2022-10-22 17:33:56,2022-10-22 17:34:10,IP Address,7,13,False,2022-10-22 18:34:11,R_2wgfLR9dtdLQhFl,NA,NA,NA,NA,anonymous,EN,NA,NA,NA,NA,NA,NA,NA,NA,NA,NA,NA,NA
2022-10-23 14:52:34,2022-10-23 14:53:43,IP Address,100,69,True,2022-10-23 14:53:43,R_28BQ3E14UNyl1kV,NA,NA,NA,NA,qr,EN,Yes,77,70,55,Yes,1-7,0,Meat,Freshman,Female,Hispanic or Latino,NA
2022-10-23 15:50:55,2022-10-23 15:52:07,IP Address,100,71,True,2022-10-23 15:52:08,R_3sgEDLb2stPsOAb,NA,NA,NA,NA,qr,EN,Yes,62,16,66,No,15-21,1-7,Meat,Sophomore,Female,Hispanic or Latino,NA
2022-10-23 21:30:05,2022-10-23 21:33:28,IP Address,100,202,True,2022-10-23 21:33:29,R_3Mo1TzHI2dS0ig5,NA,NA,NA,NA,qr,EN,Yes,9,71,29,Yes,8-14,0,Meat,Senior,Female,"Hispanic or Latino,White or Caucasian",I am severely disappointed that stern did not serve nachos on Sunday. This is truly the lowest bar it’s been failed to be met.
2022-10-24 14:02:03,2022-10-24 14:02:43,IP Address,100,40,True,2022-10-24 14:02:43,R_2zkZ6xIsU6YMJue,NA,NA,NA,NA,qr,EN,Yes,100,82,100,Yes,1-7,1-7,Meat,Senior,Female,Hispanic or Latino,NA
2022-10-24 14:28:19,2022-10-24 14:29:30,IP Address,100,70,True,2022-10-24 14:29:31,R_3oRy2aPON6EMPQl,NA,NA,NA,NA,anonymous,EN,Yes,79,57,46,Yes,15-21,1-7,Meat,Senior,Male,Asian or Pacific Islander,NA
2022-10-24 14:29:33,2022-10-24 14:38:54,IP Address,100,560,True,2022-10-24 14:38:54,R_1iswhTjqJlRBagx,NA,NA,NA,NA,qr,EN,Yes,94,0,63,Yes,8-14,1-7,Meat,Freshman,Female,Hispanic or Latino,NA
2022-10-24 14:39:46,2022-10-24 14:40:56,IP Address,100,69,True,2022-10-24 14:40:57,R_2XdIdjrbRLynDiJ,NA,NA,NA,NA,anonymous,EN,Yes,100,64,35,No,0,0,Vegan,Freshman,Female,White or Caucasian,NA
2022-10-24 14:59:46,2022-10-24 15:01:10,IP Address,100,83,True,2022-10-24 15:01:11,R_SNyf78kWMG81foZ,NA,NA,NA,NA,qr,EN,Yes,70,4,69,No,0,1-7,Pescatarian,Freshman,Female,Black or African American,NA
2022-10-24 15:00:02,2022-10-24 15:01:26,IP Address,100,83,True,2022-10-24 15:01:26,R_pmhJVAKURCLyNXj,NA,NA,NA,NA,qr,EN,Yes,71,0,100,Yes,15-21,1-7,Meat,Junior,Female,Asian or Pacific Islander,NA
2022-10-24 15:01:39,2022-10-24 15:03:19,IP Address,100,99,True,2022-10-24 15:03:19,R_s5zOCbp8SeuAB5T,NA,NA,NA,NA,qr,EN,No,61,42,30,No,8-14,1-7,Meat,Junior,Male,White or Caucasian,NA
2022-10-24 15:22:00,2022-10-24 15:23:32,IP Address,100,91,True,2022-10-24 15:23:33,R_Rlaxt0IlWjjQ653,NA,NA,NA,NA,qr,EN,Yes,82,48,50,Yes,1-7,0,Flexitarian,Freshman,Female,Black or African American,NA
2022-10-24 15:23:44,2022-10-24 15:24:42,IP Address,100,57,True,2022-10-24 15:24:43,R_5AOLJqt2wQiBHGN,NA,NA,NA,NA,qr,EN,Yes,99,5,94,Yes,1-7,1-7,Meat,Freshman,Female,Black or African American,NA
2022-10-24 15:24:32,2022-10-24 15:25:00,IP Address,100,27,True,2022-10-24 15:25:00,R_27fWCwIPwLlPIrB,NA,NA,NA,NA,anonymous,EN,Yes,50,50,50,Yes,1-7,1-7,Meat,Freshman,Female,Black or African American,NA
2022-10-24 15:51:37,2022-10-24 15:52:36,IP Address,100,59,True,2022-10-24 15:52:37,R_1LHcxxxbVEPx8xJ,NA,NA,NA,NA,qr,EN,Yes,50,20,75,Yes,15-21,1-7,Meat,Sophomore,Non-binary,Asian or Pacific Islander,NA
2022-10-24 16:17:24,2022-10-24 16:18:00,IP Address,100,35,True,2022-10-24 16:18:00,R_2zSBEifCwGnF6xk,NA,NA,NA,NA,qr,EN,Yes,80,73,93,Yes,1-7,0,Meat,Freshman,Female,Prefer not to answer,NA
2022-10-24 16:17:53,2022-10-24 16:20:04,IP Address,100,130,True,2022-10-24 16:20:04,R_ALPxq4T7AmuJ6BX,NA,NA,NA,NA,qr,EN,Yes,65,35,63,Yes,8-14,0,Flexitarian,Freshman,Male,White or Caucasian,NA
2022-10-24 16:29:53,2022-10-24 16:31:55,IP Address,100,121,True,2022-10-24 16:31:56,R_2OZRv1CKHXYenuS,NA,NA,NA,NA,qr,EN,Yes,75,20,69,Yes,8-14,1-7,Meat,Senior,Male,Black or African American,NA
2022-10-24 16:30:42,2022-10-24 16:31:58,IP Address,100,75,True,2022-10-24 16:31:58,R_2fdFtPCY5nYx15Q,NA,NA,NA,NA,qr,EN,Yes,100,16,93,Yes,1-7,1-7,Meat,Junior,Male,"Asian or Pacific Islander,A race/ethnicity not listed here",NA
2022-10-24 18:46:07,2022-10-24 18:47:06,IP Address,100,59,True,2022-10-24 18:47:07,R_1jxeQuHgXQnSAJw,NA,NA,NA,NA,anonymous,EN,Yes,97,55,38,Yes,15-21,1-7,Meat,Freshman,Female,Asian or Pacific Islander,NA
2022-10-24 19:03:23,2022-10-24 19:04:11,IP Address,100,48,True,2022-10-24 19:04:12,R_1OHR08ISBcGsM4s,NA,NA,NA,NA,qr,EN,No,50,60,39,No,8-14,1-7,Meat,Freshman,Male,White or Caucasian,NA
